Price,Close,High,Low,Open,Volume
Ticker,^GDAXI,^GDAXI,^GDAXI,^GDAXI,^GDAXI
Date,,,,,
2019-01-02,10580.1904296875,10612.7197265625,10386.9697265625,10477.76953125,79626700
2019-01-03,10416.66015625,10538.66015625,10400.1103515625,10467.1103515625,84733800
2019-01-04,10767.6904296875,10786.33984375,10483.900390625,10533.9404296875,95339500
2019-01-07,10747.8095703125,10814.4697265625,10681.26953125,10814.3896484375,71151400
2019-01-08,10803.98046875,10910.7099609375,10745.0302734375,10750.1904296875,93672200
2019-01-09,10893.3203125,10961.919921875,10839.08984375,10884.75,96071900
2019-01-10,10921.58984375,10927.1298828125,10788.0498046875,10843.8896484375,77255600
2019-01-11,10887.4599609375,10959.0,10829.919921875,10949.1298828125,75537200
2019-01-14,10855.91015625,10886.23046875,10786.75,10820.849609375,65945800
2019-01-15,10891.7900390625,10994.830078125,10812.58984375,10962.9501953125,80197500
2019-01-16,10931.240234375,10947.8701171875,10866.3896484375,10940.3603515625,79810600
2019-01-17,10918.6201171875,10929.2998046875,10822.25,10852.5,79327000
2019-01-18,11205.5400390625,11216.8203125,10993.830078125,11001.3095703125,119133600
2019-01-21,11136.2001953125,11179.91015625,11125.5302734375,11176.1201171875,65955200
2019-01-22,11090.1103515625,11142.2197265625,11034.5498046875,11076.98046875,73446100
2019-01-23,11071.5400390625,11135.75,11007.2099609375,11043.6396484375,87752900
2019-01-24,11130.1796875,11149.3203125,11032.5302734375,11045.6396484375,110548100
2019-01-25,11281.7900390625,11321.6201171875,11218.349609375,11234.0498046875,99999800
2019-01-28,11210.3095703125,11275.2099609375,11196.419921875,11233.16015625,73121100
2019-01-29,11218.830078125,11276.2802734375,11159.169921875,11191.51953125,75129000
2019-01-30,11181.66015625,11215.2099609375,11132.3798828125,11210.6796875,73630500
2019-01-31,11173.099609375,11311.3701171875,11051.1103515625,11257.919921875,111945200
2019-02-01,11180.66015625,11218.509765625,11116.080078125,11198.4599609375,101700800
2019-02-04,11176.580078125,11209.3095703125,11100.33984375,11180.419921875,74165400
2019-02-05,11367.98046875,11371.740234375,11177.7001953125,11178.75,89418800
2019-02-06,11324.7197265625,11347.9404296875,11297.419921875,11337.5400390625,75894800
2019-02-07,11022.01953125,11286.4599609375,11022.01953125,11262.9697265625,108021800
2019-02-08,10906.7802734375,11045.41015625,10863.5595703125,10991.7900390625,102300800
2019-02-11,11014.58984375,11041.9501953125,10944.580078125,10955.830078125,69553100
2019-02-12,11126.080078125,11164.3798828125,11116.8603515625,11123.4296875,74843600
2019-02-13,11167.2197265625,11217.2998046875,11125.58984375,11174.849609375,69772400
2019-02-14,11089.7900390625,11260.5498046875,11077.7802734375,11257.7998046875,83384200
2019-02-15,11299.7998046875,11323.0498046875,11018.9501953125,11044.7998046875,105640900
2019-02-18,11299.2001953125,11318.1904296875,11256.26953125,11287.740234375,55484300
2019-02-19,11309.2099609375,11371.4404296875,11244.51953125,11280.73046875,67147500
2019-02-20,11401.9697265625,11437.4697265625,11318.740234375,11338.740234375,71844800
2019-02-21,11423.2802734375,11454.4404296875,11392.26953125,11448.650390625,77779400
2019-02-22,11457.7001953125,11504.7099609375,11420.740234375,11422.6201171875,66893800
2019-02-25,11505.3896484375,11544.3095703125,11480.490234375,11517.759765625,69949900
2019-02-26,11540.7900390625,11556.8701171875,11441.8701171875,11446.2900390625,74034400
2019-02-27,11487.330078125,11521.2197265625,11442.9697265625,11493.8095703125,84265200
2019-02-28,11515.6396484375,11524.990234375,11416.080078125,11430.7998046875,84129900
2019-03-01,11601.6796875,11676.8603515625,11583.080078125,11584.240234375,72715100
2019-03-04,11592.66015625,11650.4404296875,11591.740234375,11646.2099609375,58412600
2019-03-05,11620.740234375,11627.7802734375,11551.4501953125,11570.9697265625,63643000
2019-03-06,11587.6298828125,11652.76953125,11565.2197265625,11593.2099609375,65204400
2019-03-07,11517.7998046875,11612.9501953125,11452.8603515625,11546.419921875,99533100
2019-03-08,11457.83984375,11475.5498046875,11405.2099609375,11429.76953125,81946100
2019-03-11,11543.48046875,11550.58984375,11462.900390625,11497.98046875,71575600
2019-03-12,11524.169921875,11618.73046875,11499.4697265625,11612.4599609375,87365300
2019-03-13,11572.41015625,11586.900390625,11486.740234375,11499.3203125,78369100
2019-03-14,11587.4697265625,11635.759765625,11541.099609375,11573.419921875,87594200
2019-03-15,11685.6904296875,11725.66015625,11575.330078125,11608.669921875,187987500
2019-03-18,11657.0595703125,11712.3603515625,11635.8798828125,11685.5400390625,91113700
2019-03-19,11788.41015625,11823.2900390625,11652.01953125,11672.759765625,81542500
2019-03-20,11603.8896484375,11721.41015625,11596.2001953125,11704.4404296875,100826500
2019-03-21,11549.9599609375,11582.5400390625,11467.7900390625,11566.8701171875,91619300
2019-03-22,11364.169921875,11623.9697265625,11356.490234375,11578.3896484375,112187500
2019-03-25,11346.650390625,11392.0,11312.5400390625,11323.2001953125,75056300
2019-03-26,11419.48046875,11447.1298828125,11299.7998046875,11374.1796875,79984300
2019-03-27,11419.0400390625,11502.349609375,11368.1298828125,11439.01953125,102107000
2019-03-28,11428.16015625,11494.150390625,11414.66015625,11422.16015625,89405300
2019-03-29,11526.0400390625,11549.419921875,11442.1201171875,11492.08984375,89325500
2019-04-01,11681.990234375,11706.6396484375,11612.7001953125,11617.1796875,96979200
2019-04-02,11754.7900390625,11777.650390625,11659.150390625,11703.240234375,77384300
2019-04-03,11954.400390625,11961.3603515625,11854.2099609375,11855.400390625,93396300
2019-04-04,11988.009765625,12029.259765625,11916.5703125,11924.6103515625,77816900
2019-04-05,12009.75,12024.23046875,11967.7001953125,11993.2197265625,72712300
2019-04-08,11963.400390625,11989.58984375,11948.259765625,11979.73046875,63676500
2019-04-09,11850.5703125,11988.5302734375,11850.5703125,11927.009765625,65890100
2019-04-10,11905.91015625,11937.1103515625,11863.7998046875,11864.4599609375,68624100
2019-04-11,11935.2001953125,11963.4296875,11846.599609375,11914.509765625,78550400
2019-04-12,11999.9296875,12031.150390625,11889.990234375,11912.580078125,92887200
2019-04-15,12020.2802734375,12029.98046875,11983.330078125,12011.1103515625,65121600
2019-04-16,12101.3203125,12116.25,12025.66015625,12026.740234375,83377900
2019-04-17,12153.0703125,12195.0,12086.8896484375,12100.4404296875,102282300
2019-04-18,12222.3896484375,12243.6298828125,12100.0,12138.1396484375,108852300
2019-04-23,12235.509765625,12251.8095703125,12182.98046875,12224.3203125,77350700
2019-04-24,12313.16015625,12349.830078125,12223.98046875,12232.990234375,106440300
2019-04-25,12282.599609375,12321.7900390625,12236.1396484375,12304.5302734375,96274900
2019-04-26,12315.1796875,12323.6396484375,12259.759765625,12284.4599609375,90044700
2019-04-29,12328.01953125,12376.0595703125,12266.33984375,12308.98046875,70678500
2019-04-30,12344.080078125,12345.3095703125,12281.7197265625,12313.9697265625,82443700
2019-05-02,12345.419921875,12402.8701171875,12303.9599609375,12349.099609375,96355900
2019-05-03,12412.75,12435.669921875,12344.23046875,12345.3203125,79121200
2019-05-06,12286.8798828125,12298.66015625,12135.419921875,12171.900390625,88426500
2019-05-07,12092.740234375,12319.0498046875,12056.7998046875,12298.7099609375,109809200
2019-05-08,12179.9296875,12208.48046875,12063.740234375,12110.8701171875,101037000
2019-05-09,11973.919921875,12125.9599609375,11957.3095703125,12098.01953125,109425400
2019-05-10,12059.830078125,12140.6103515625,12009.75,12105.2802734375,142098700
2019-05-13,11876.650390625,12052.9296875,11844.4697265625,12044.099609375,110572100
2019-05-14,11991.6201171875,11991.830078125,11897.9296875,11908.76953125,106200000
2019-05-15,12099.5703125,12099.5703125,11862.2099609375,12018.4501953125,125835700
2019-05-16,12310.3701171875,12310.3701171875,12030.2998046875,12077.3603515625,109001200
2019-05-17,12238.9404296875,12270.8896484375,12150.330078125,12252.6796875,104474100
2019-05-20,12041.2900390625,12246.5,11993.91015625,12226.849609375,105412700
2019-05-21,12143.4697265625,12178.25,12066.900390625,12111.7998046875,90829900
2019-05-22,12168.740234375,12211.0302734375,12055.5,12141.4599609375,87115400
2019-05-23,11952.41015625,12082.75,11926.33984375,12064.2900390625,118104500
2019-05-24,12011.0400390625,12082.0498046875,11990.7900390625,12027.3095703125,82359600
2019-05-27,12071.1796875,12124.5498046875,12050.490234375,12077.8798828125,43767900
2019-05-28,12027.0498046875,12113.3095703125,11992.41015625,12100.3896484375,121297400
2019-05-29,11837.8095703125,11927.6396484375,11828.75,11906.01953125,90848600
2019-05-30,11902.080078125,11924.66015625,11858.2900390625,11885.0703125,47889500
2019-05-31,11726.83984375,11755.1201171875,11662.0703125,11742.2099609375,98490800
2019-06-03,11792.8095703125,11793.6298828125,11620.6396484375,11661.1201171875,104353700
2019-06-04,11971.169921875,11987.8896484375,11713.8701171875,11716.5498046875,107666100
2019-06-05,11980.8095703125,12057.73046875,11928.8701171875,11981.1796875,81806600
2019-06-06,11953.1396484375,12076.9501953125,11899.8203125,11987.919921875,89561100
2019-06-07,12045.3798828125,12096.6103515625,11987.169921875,12003.919921875,80549900
2019-06-11,12155.8095703125,12227.400390625,12117.33984375,12133.599609375,95140700
2019-06-12,12115.6796875,12132.2802734375,12068.1103515625,12093.98046875,69957400
2019-06-13,12169.0498046875,12201.7802734375,12079.599609375,12095.2099609375,69172100
2019-06-14,12096.400390625,12136.650390625,12049.759765625,12124.3603515625,70037500
2019-06-17,12085.8203125,12124.6796875,12059.919921875,12112.4697265625,84991300
2019-06-18,12331.75,12358.0,11987.5498046875,12069.3701171875,153990400
2019-06-19,12308.5302734375,12346.7001953125,12291.1904296875,12321.4296875,104190600
2019-06-20,12355.3896484375,12438.3701171875,12355.3896484375,12409.580078125,95166000
2019-06-21,12339.919921875,12425.2001953125,12316.41015625,12351.98046875,210689700
2019-06-24,12274.5703125,12341.5595703125,12250.7099609375,12308.1103515625,89756300
2019-06-25,12228.4404296875,12284.5703125,12213.41015625,12226.8798828125,73907200
2019-06-26,12245.3203125,12315.83984375,12189.490234375,12210.51953125,87524700
2019-06-27,12271.0302734375,12334.5703125,12209.33984375,12308.259765625,85035600
2019-06-28,12398.7998046875,12408.2197265625,12297.6298828125,12302.76953125,99449300
2019-07-01,12521.3798828125,12619.6796875,12519.2998046875,12616.33984375,93740000
2019-07-02,12526.7197265625,12548.2197265625,12484.259765625,12546.9296875,68934500
2019-07-03,12616.240234375,12631.8095703125,12545.7900390625,12548.2998046875,70392700
2019-07-04,12629.900390625,12656.0498046875,12616.2900390625,12644.349609375,54651300
2019-07-05,12568.5302734375,12632.1201171875,12522.1103515625,12632.1201171875,79900200
2019-07-08,12543.509765625,12587.4404296875,12507.7197265625,12541.1796875,91084400
2019-07-09,12436.5498046875,12477.580078125,12364.16015625,12436.9697265625,105796900
2019-07-10,12373.41015625,12448.8095703125,12356.7998046875,12412.990234375,80443400
2019-07-11,12332.1201171875,12417.9296875,12307.33984375,12401.01953125,78192200
2019-07-12,12323.3203125,12354.8701171875,12304.98046875,12318.5,78381800
2019-07-15,12387.33984375,12434.1396484375,12301.080078125,12346.58984375,70764100
2019-07-16,12430.9697265625,12465.1904296875,12366.9697265625,12392.1904296875,75136100
2019-07-17,12341.0302734375,12453.330078125,12324.330078125,12429.8701171875,72857800
2019-07-18,12227.849609375,12296.2998046875,12172.58984375,12194.330078125,73275500
2019-07-19,12260.0703125,12340.1103515625,12211.669921875,12302.6396484375,77803200
2019-07-22,12289.400390625,12346.01953125,12236.7001953125,12243.580078125,58508700
2019-07-23,12490.740234375,12531.16015625,12369.1904296875,12384.66015625,94402100
2019-07-24,12522.8896484375,12550.33984375,12476.5498046875,12510.51953125,93206200
2019-07-25,12362.099609375,12599.9296875,12299.099609375,12576.01953125,115937000
2019-07-26,12419.900390625,12428.0498046875,12356.150390625,12363.8603515625,71108800
2019-07-29,12417.4697265625,12473.9697265625,12387.580078125,12398.2900390625,64309600
2019-07-30,12147.240234375,12404.509765625,12115.2802734375,12398.240234375,114710200
2019-07-31,12189.0400390625,12226.490234375,12139.0302734375,12149.08984375,91199000
2019-08-01,12253.150390625,12254.0302734375,12129.330078125,12134.7099609375,87758900
2019-08-02,11872.4404296875,12034.91015625,11836.75,12033.6796875,138678400
2019-08-05,11658.509765625,11797.51953125,11628.5703125,11758.4404296875,113784300
2019-08-06,11567.9599609375,11748.830078125,11567.9599609375,11690.26953125,86220300
2019-08-07,11650.150390625,11747.740234375,11559.759765625,11636.33984375,108829300
2019-08-08,11845.41015625,11845.41015625,11683.990234375,11752.9599609375,101153300
2019-08-09,11693.7998046875,11865.6298828125,11674.1103515625,11806.8203125,107173100
2019-08-12,11679.6796875,11836.9697265625,11647.009765625,11801.0595703125,76120900
2019-08-13,11750.1298828125,11835.8798828125,11539.6298828125,11632.849609375,116609400
2019-08-14,11492.66015625,11759.5703125,11459.3701171875,11758.75,106028900
2019-08-15,11412.669921875,11530.009765625,11266.48046875,11522.4599609375,116680900
2019-08-16,11562.740234375,11578.83984375,11447.33984375,11460.650390625,114055600
2019-08-19,11715.3701171875,11759.0,11625.669921875,11679.7197265625,78455800
2019-08-20,11651.1796875,11764.9296875,11618.9296875,11711.7802734375,68833300
2019-08-21,11802.849609375,11824.66015625,11673.3701171875,11673.66015625,62803500
2019-08-22,11747.0400390625,11853.1396484375,11715.259765625,11756.2099609375,74446100
2019-08-23,11611.509765625,11823.1201171875,11611.509765625,11805.48046875,90301100
2019-08-26,11658.0400390625,11696.7802734375,11551.990234375,11619.66015625,54752500
2019-08-27,11730.01953125,11778.6201171875,11616.08984375,11638.509765625,82363700
2019-08-28,11701.01953125,11717.7900390625,11573.6396484375,11704.669921875,59962600
2019-08-29,11838.8798828125,11853.91015625,11661.73046875,11686.83984375,72992700
2019-08-30,11939.2802734375,11989.4404296875,11845.16015625,11850.2998046875,77686500
2019-09-02,11953.7802734375,11994.1103515625,11929.91015625,11939.990234375,46207600
2019-09-03,11910.8603515625,11956.6904296875,11869.2802734375,11921.9404296875,66704200
2019-09-04,12025.0400390625,12078.400390625,11999.830078125,12043.9599609375,63323800
2019-09-05,12126.7802734375,12151.3095703125,12084.169921875,12117.900390625,89831600
2019-09-06,12191.73046875,12205.099609375,12131.2900390625,12146.0,80411000
2019-09-09,12226.099609375,12245.1103515625,12189.599609375,12210.8701171875,74246100
2019-09-10,12268.7099609375,12292.1396484375,12179.8798828125,12210.8798828125,107899800
2019-09-11,12359.0703125,12394.2802734375,12317.6103515625,12341.83984375,90579200
2019-09-12,12410.25,12471.830078125,12311.8095703125,12399.400390625,111214300
2019-09-13,12468.5302734375,12494.25,12408.9296875,12412.7197265625,90990500
2019-09-16,12380.3095703125,12421.25,12362.98046875,12387.6796875,80505200
2019-09-17,12372.6103515625,12392.9697265625,12303.509765625,12370.9599609375,77784600
2019-09-18,12389.6201171875,12416.0498046875,12354.490234375,12361.23046875,70537600
2019-09-19,12457.7001953125,12466.7802734375,12354.830078125,12355.919921875,81542000
2019-09-20,12468.009765625,12490.83984375,12418.5,12462.5703125,192994000
2019-09-23,12342.330078125,12441.01953125,12264.1396484375,12432.2998046875,80383600
2019-09-24,12307.150390625,12375.3095703125,12307.150390625,12368.9599609375,60350800
2019-09-25,12234.1796875,12261.0595703125,12141.8203125,12250.080078125,72631600
2019-09-26,12288.5400390625,12313.150390625,12223.2900390625,12227.76953125,78923300
2019-09-27,12380.9404296875,12404.4697265625,12324.7099609375,12327.7900390625,66140900
2019-09-30,12428.080078125,12441.0302734375,12346.9404296875,12367.8095703125,70129900
2019-10-01,12263.830078125,12497.2802734375,12263.830078125,12469.669921875,78839200
2019-10-02,11925.25,12226.8603515625,11925.25,12221.740234375,95636000
2019-10-04,12012.8095703125,12012.91015625,11878.98046875,11958.3095703125,88134300
2019-10-07,12097.4296875,12105.08984375,11969.3203125,12008.76953125,65614000
2019-10-08,11970.2001953125,12097.9404296875,11933.01953125,12097.8896484375,80877600
2019-10-09,12094.259765625,12165.5302734375,11953.1201171875,11973.8203125,68812700
2019-10-10,12164.2001953125,12202.7099609375,12029.4599609375,12082.8896484375,88437900
2019-10-11,12511.650390625,12511.650390625,12240.9404296875,12248.8798828125,100870000
2019-10-14,12486.5595703125,12495.240234375,12387.9501953125,12468.7802734375,59086900
2019-10-15,12629.7900390625,12682.400390625,12511.900390625,12565.6796875,94185500
2019-10-16,12670.1103515625,12698.3701171875,12603.830078125,12644.1796875,99475900
2019-10-17,12654.9501953125,12814.490234375,12647.8603515625,12655.3203125,99302200
2019-10-18,12633.599609375,12700.3798828125,12603.169921875,12637.009765625,88676100
2019-10-21,12747.9599609375,12787.349609375,12646.2802734375,12661.9296875,80978200
2019-10-22,12754.6904296875,12791.3095703125,12730.7001953125,12757.73046875,79430700
2019-10-23,12798.1904296875,12819.2197265625,12699.849609375,12702.919921875,76218700
2019-10-24,12872.099609375,12914.240234375,12820.669921875,12860.6298828125,84318900
2019-10-25,12894.509765625,12895.849609375,12834.0,12886.419921875,59800700
2019-10-28,12941.7099609375,12986.490234375,12892.83984375,12897.400390625,69024100
2019-10-29,12939.6201171875,12951.8798828125,12897.33984375,12946.33984375,76948300
2019-10-30,12910.23046875,12944.259765625,12830.330078125,12929.419921875,100397400
2019-10-31,12866.7900390625,12953.33984375,12795.08984375,12937.58984375,100660900
2019-11-01,12961.0498046875,12992.0703125,12896.7197265625,12912.08984375,65905400
2019-11-04,13136.2802734375,13171.169921875,13019.1796875,13022.9501953125,84782400
2019-11-05,13148.5,13166.080078125,13112.650390625,13134.330078125,83190400
2019-11-06,13179.8896484375,13187.66015625,13110.91015625,13150.9404296875,80045600
2019-11-07,13289.4599609375,13300.759765625,13227.3701171875,13258.259765625,117100600
2019-11-08,13228.5595703125,13278.1796875,13195.830078125,13248.6201171875,95599200
2019-11-11,13198.3701171875,13225.6201171875,13144.08984375,13170.1796875,72597200
2019-11-12,13283.509765625,13308.259765625,13214.66015625,13243.5302734375,82741400
2019-11-13,13230.0703125,13273.8203125,13139.25,13244.0498046875,77193800
2019-11-14,13180.23046875,13219.2998046875,13159.6904296875,13198.330078125,81582700
2019-11-15,13241.75,13261.7197265625,13172.8896484375,13261.7197265625,81039800
2019-11-18,13207.009765625,13282.41015625,13137.8798828125,13255.7802734375,69775200
2019-11-19,13221.1201171875,13374.26953125,13187.91015625,13235.2802734375,68664200
2019-11-20,13158.1396484375,13182.2197265625,13071.330078125,13127.4501953125,68735300
2019-11-21,13137.7001953125,13171.849609375,13043.900390625,13083.0,74515800
2019-11-22,13163.8798828125,13244.5703125,13120.6298828125,13145.76953125,74716200
2019-11-25,13246.4501953125,13268.9697265625,13210.25,13247.509765625,54920200
2019-11-26,13236.419921875,13261.98046875,13193.75,13256.400390625,89580100
2019-11-27,13287.0703125,13314.919921875,13219.4296875,13291.08984375,67304300
2019-11-28,13245.580078125,13259.2900390625,13215.7099609375,13247.6103515625,36771000
2019-11-29,13236.3798828125,13290.330078125,13165.0703125,13179.25,71753700
2019-12-02,12964.6796875,13338.25,12954.5,13264.9296875,105692200
2019-12-03,12989.2900390625,13086.0302734375,12927.0703125,13039.6103515625,87003100
2019-12-04,13140.5703125,13157.3603515625,12995.3203125,12998.66015625,68441900
2019-12-05,13054.7998046875,13188.6396484375,13054.7998046875,13144.3798828125,54216400
2019-12-06,13166.580078125,13171.2099609375,13055.98046875,13087.509765625,60141700
2019-12-09,13105.6103515625,13170.76953125,13100.240234375,13147.5703125,50345100
2019-12-10,13070.7197265625,13091.7099609375,12886.5498046875,13065.830078125,80064000
2019-12-11,13146.740234375,13169.76953125,13042.7001953125,13075.4296875,69220500
2019-12-12,13221.6396484375,13287.8095703125,13105.0703125,13167.5595703125,83998800
2019-12-13,13282.7197265625,13423.41015625,13255.5498046875,13383.259765625,106137100
2019-12-16,13407.66015625,13425.849609375,13338.3798828125,13349.8603515625,71200800
2019-12-17,13287.830078125,13394.4697265625,13269.4296875,13391.26953125,79260500
2019-12-18,13222.16015625,13286.0,13215.8798828125,13266.349609375,71001000
2019-12-19,13211.9599609375,13248.98046875,13140.2197265625,13226.7001953125,84018200
2019-12-20,13318.900390625,13324.1103515625,13201.7998046875,13210.259765625,170723200
2019-12-23,13300.98046875,13331.8603515625,13285.5498046875,13304.76953125,56215400
2019-12-27,13337.1103515625,13381.4404296875,13311.51953125,13338.3203125,43758600
2019-12-30,13249.009765625,13316.6201171875,13244.169921875,13301.4296875,31427400
2020-01-02,13385.9296875,13425.0302734375,13225.16015625,13233.7099609375,75341400
2020-01-03,13219.1396484375,13282.740234375,13120.7197265625,13266.3896484375,80793400
2020-01-06,13126.990234375,13143.1103515625,12948.169921875,13085.490234375,71778600
2020-01-07,13226.830078125,13283.8798828125,13166.400390625,13199.58984375,78282300
2020-01-08,13320.1796875,13334.0400390625,13106.26953125,13140.490234375,88178800
2020-01-09,13495.0595703125,13523.33984375,13456.7802734375,13474.759765625,86965600
2020-01-10,13483.3095703125,13548.2001953125,13483.3095703125,13533.4599609375,77941000
2020-01-13,13451.51953125,13529.2099609375,13404.7197265625,13521.8603515625,67208300
2020-01-14,13456.490234375,13487.900390625,13362.2001953125,13439.2001953125,74555400
2020-01-15,13432.2998046875,13458.91015625,13388.48046875,13444.9501953125,72046400
2020-01-16,13429.4296875,13492.740234375,13382.98046875,13463.4599609375,39611800
2020-01-17,13526.1298828125,13557.7802734375,13497.2998046875,13513.48046875,86342800
2020-01-20,13548.9404296875,13550.830078125,13487.2099609375,13503.830078125,52882400
2020-01-21,13555.8701171875,13560.6796875,13443.25,13456.900390625,64630900
2020-01-22,13515.75,13640.0595703125,13498.0302734375,13601.650390625,73130700
2020-01-23,13388.419921875,13486.1396484375,13382.23046875,13455.900390625,90749900
2020-01-24,13576.6796875,13604.849609375,13510.7900390625,13512.83984375,87986400
2020-01-27,13204.76953125,13399.419921875,13195.2802734375,13374.990234375,101409200
2020-01-28,13323.6904296875,13327.1201171875,13163.3603515625,13274.009765625,91825300
2020-01-29,13345.0,13371.2998046875,13296.0302734375,13316.419921875,67876800
2020-01-30,13157.1201171875,13262.1796875,13118.9697265625,13186.490234375,100706100
2020-01-31,12981.9697265625,13208.4697265625,12973.7001953125,13196.7998046875,106903800
2020-02-03,13045.1904296875,13077.5703125,12987.5302734375,13033.169921875,81389100
2020-02-04,13281.740234375,13282.6298828125,13131.0703125,13135.6103515625,80887400
2020-02-05,13478.330078125,13488.580078125,13223.1396484375,13224.26953125,108453900
2020-02-06,13574.8203125,13606.9697265625,13533.66015625,13570.330078125,114567900
2020-02-07,13513.8095703125,13551.0302734375,13463.98046875,13530.76953125,87036900
2020-02-10,13494.0302734375,13501.740234375,13445.41015625,13476.0,60456500
2020-02-11,13627.83984375,13668.4296875,13557.9599609375,13604.740234375,104753500
2020-02-12,13749.7802734375,13758.7001953125,13658.150390625,13671.150390625,86733300
2020-02-13,13745.4296875,13745.4296875,13576.9599609375,13695.9296875,92087000
2020-02-14,13744.2099609375,13788.509765625,13728.1201171875,13756.4697265625,66314900
2020-02-17,13783.8896484375,13795.240234375,13754.0400390625,13770.669921875,57400100
2020-02-18,13681.1904296875,13731.3896484375,13660.4501953125,13668.9404296875,82088700
2020-02-19,13789.0,13789.0,13710.7802734375,13751.0498046875,90192900
2020-02-20,13664.0,13788.41015625,13664.0,13774.4404296875,86435200
2020-02-21,13579.330078125,13689.23046875,13500.5,13609.9404296875,108765400
2020-02-24,13035.240234375,13236.580078125,12982.1396484375,13231.3798828125,165148900
2020-02-25,12790.490234375,13132.0400390625,12778.66015625,13132.0400390625,129552500
2020-02-26,12774.8798828125,12849.169921875,12368.0498046875,12682.16015625,163618900
2020-02-27,12367.4599609375,12593.6201171875,12211.6298828125,12526.599609375,191240900
2020-02-28,11890.349609375,12008.58984375,11724.1201171875,11891.8701171875,274623700
2020-03-02,11857.8701171875,12121.599609375,11624.6298828125,12030.26953125,207214100
2020-03-03,11985.3896484375,12272.990234375,11906.8203125,12013.0595703125,195936600
2020-03-04,12127.6904296875,12199.8203125,11929.240234375,11992.58984375,147845700
2020-03-05,11944.7197265625,12207.76953125,11844.8798828125,12191.41015625,148086000
2020-03-06,11541.8701171875,11769.849609375,11447.2001953125,11694.5595703125,195038500
2020-03-09,10625.01953125,10995.2197265625,10556.6396484375,10690.080078125,305324300
2020-03-10,10475.490234375,11032.2900390625,10423.900390625,10724.98046875,267400800
2020-03-11,10438.6796875,10761.4296875,10390.509765625,10601.849609375,216708900
2020-03-12,9161.1298828125,9932.5595703125,9139.1201171875,9863.990234375,390477000
2020-03-13,9232.080078125,9985.740234375,9064.6796875,9480.7802734375,325900900
2020-03-16,8742.25,8967.1103515625,8255.650390625,8728.48046875,302202400
2020-03-17,8939.099609375,9145.9296875,8423.5595703125,9141.169921875,220092600
2020-03-18,8441.7099609375,8670.41015625,8400.1796875,8613.349609375,207558900
2020-03-19,8610.4296875,8668.48046875,8257.5302734375,8495.9404296875,205539300
2020-03-20,8928.9501953125,9201.0703125,8838.2998046875,9080.490234375,286466000
2020-03-23,8741.150390625,9071.1396484375,8480.2802734375,8536.330078125,197208600
2020-03-24,9700.5703125,9700.5703125,9102.169921875,9242.0595703125,203840700
2020-03-25,9874.259765625,10137.6201171875,9460.91015625,9987.3701171875,204692500
2020-03-26,10000.9599609375,10000.9599609375,9526.169921875,9621.240234375,160450300
2020-03-27,9632.51953125,9886.1796875,9541.830078125,9793.5,156138300
2020-03-30,9815.9697265625,9817.509765625,9453.7900390625,9725.8798828125,131120200
2020-03-31,9935.83984375,10096.419921875,9703.8798828125,9970.7900390625,151505700
2020-04-01,9544.75,9686.4599609375,9498.0498046875,9610.669921875,132862200
2020-04-02,9570.8203125,9650.26953125,9337.01953125,9587.4501953125,144225800
2020-04-03,9525.76953125,9626.7197265625,9470.2001953125,9535.26953125,116245300
2020-04-06,10075.169921875,10097.3095703125,9841.490234375,9889.0302734375,126692200
2020-04-07,10356.7001953125,10590.41015625,10225.01953125,10464.1103515625,149513100
2020-04-08,10332.8896484375,10340.7900390625,10198.2197265625,10301.5595703125,102430700
2020-04-09,10564.740234375,10649.7900390625,10311.7001953125,10490.650390625,134477100
2020-04-14,10696.5595703125,10820.169921875,10658.9599609375,10733.9697265625,106043700
2020-04-15,10279.759765625,10678.1904296875,10243.1103515625,10678.1904296875,133088500
2020-04-16,10301.5400390625,10438.3701171875,10236.240234375,10420.259765625,106131500
2020-04-17,10625.7802734375,10756.7802734375,10542.7099609375,10607.349609375,143341400
2020-04-20,10675.900390625,10707.3095703125,10444.5498046875,10704.349609375,103611100
2020-04-21,10249.849609375,10524.73046875,10249.849609375,10519.4404296875,121194400
2020-04-22,10415.0302734375,10425.01953125,10321.2001953125,10370.25,92389500
2020-04-23,10513.7900390625,10608.3896484375,10325.1103515625,10437.3798828125,97907700
2020-04-24,10336.08984375,10486.4697265625,10299.3095703125,10299.3095703125,120035000
2020-04-27,10659.990234375,10660.3603515625,10523.099609375,10551.0703125,122476600
2020-04-28,10795.6298828125,10897.8203125,10651.580078125,10658.4697265625,146549900
2020-04-29,11107.740234375,11125.349609375,10789.51953125,10812.740234375,145350700
2020-04-30,10861.6396484375,11235.5703125,10839.2998046875,11195.2099609375,162733400
2020-05-04,10466.7998046875,10578.4296875,10426.0595703125,10543.3603515625,140425100
2020-05-05,10729.4599609375,10736.9501953125,10518.9404296875,10627.0703125,103766700
2020-05-06,10606.2001953125,10773.8603515625,10598.900390625,10716.509765625,94905700
2020-05-07,10759.26953125,10761.8603515625,10617.23046875,10640.76953125,102151600
2020-05-08,10904.48046875,10918.3203125,10819.0703125,10882.4404296875,81795700
2020-05-11,10824.990234375,10986.2197265625,10740.8203125,10948.240234375,88080900
2020-05-12,10819.5,10886.009765625,10772.580078125,10777.740234375,88857600
2020-05-13,10542.66015625,10698.1298828125,10530.3203125,10669.990234375,108739000
2020-05-14,10337.01953125,10474.080078125,10160.8896484375,10418.0400390625,133623600
2020-05-15,10465.169921875,10547.1904296875,10382.5400390625,10470.849609375,116082600
2020-05-18,11058.8701171875,11089.5,10677.51953125,10683.8603515625,118984900
2020-05-19,11075.2900390625,11201.1796875,10936.0703125,11200.919921875,125543400
2020-05-20,11223.7099609375,11246.91015625,10978.5703125,11029.330078125,98827200
2020-05-21,11065.9296875,11194.919921875,11036.91015625,11088.1201171875,73570300
2020-05-22,11073.8701171875,11138.150390625,10867.169921875,10896.2802734375,86150600
2020-05-25,11391.2802734375,11391.2802734375,11118.1201171875,11186.0400390625,72133500
2020-05-26,11504.650390625,11544.349609375,11429.8798828125,11488.990234375,124580900
2020-05-27,11657.6904296875,11747.2001953125,11519.76953125,11530.2001953125,168966900
2020-05-28,11781.1298828125,11813.1396484375,11654.830078125,11746.7802734375,124127000
2020-05-29,11586.849609375,11729.98046875,11575.740234375,11649.3701171875,170600400
2020-06-02,12021.2802734375,12055.5703125,11850.33984375,11896.7001953125,143102700
2020-06-03,12487.3603515625,12507.41015625,12133.7001953125,12147.1201171875,152036900
2020-06-04,12430.5595703125,12558.240234375,12326.4404296875,12390.0302734375,138856600
2020-06-05,12847.6796875,12858.7900390625,12560.1904296875,12565.16015625,168928500
2020-06-08,12819.58984375,12913.1298828125,12670.9501953125,12722.6796875,140371700
2020-06-09,12617.990234375,12864.91015625,12502.4501953125,12859.830078125,145984300
2020-06-10,12530.16015625,12763.8896484375,12471.0595703125,12719.150390625,112489400
2020-06-11,11970.2900390625,12301.9501953125,11970.2900390625,12223.419921875,133278800
2020-06-12,11949.2802734375,12172.6298828125,11828.66015625,11876.33984375,118016300
2020-06-15,11911.349609375,11968.0595703125,11597.8203125,11661.3603515625,99879200
2020-06-16,12315.66015625,12434.26953125,12132.7998046875,12168.3701171875,122780400
2020-06-17,12382.1396484375,12432.23046875,12288.169921875,12312.4404296875,102040400
2020-06-18,12281.5302734375,12483.83984375,12189.669921875,12347.490234375,154821700
2020-06-19,12330.759765625,12447.150390625,12319.1904296875,12375.1796875,227975200
2020-06-22,12262.9697265625,12399.3701171875,12172.1201171875,12194.48046875,91977200
2020-06-23,12523.759765625,12616.1201171875,12332.099609375,12360.08984375,113421700
2020-06-24,12093.9404296875,12489.240234375,12093.9404296875,12459.8095703125,102775200
2020-06-25,12177.8701171875,12236.4599609375,11957.3095703125,12102.25,128245800
2020-06-26,12089.3896484375,12347.4501953125,12060.8896484375,12308.48046875,111965200
2020-06-29,12232.1201171875,12297.6796875,12045.259765625,12090.41015625,121308400
2020-06-30,12310.9296875,12350.349609375,12188.08984375,12287.9404296875,124633200
2020-07-01,12260.5703125,12391.7197265625,12095.1103515625,12391.7197265625,81131500
2020-07-02,12608.4599609375,12658.169921875,12370.7197265625,12378.7998046875,103857000
2020-07-03,12528.1796875,12649.98046875,12476.1298828125,12644.599609375,54014400
2020-07-06,12733.4501953125,12842.58984375,12655.2099609375,12774.76953125,78193500
2020-07-07,12616.7998046875,12661.1201171875,12525.1796875,12660.08984375,78792300
2020-07-08,12494.8095703125,12670.1904296875,12463.2197265625,12542.580078125,74362600
2020-07-09,12489.4599609375,12709.6796875,12459.16015625,12639.169921875,76140500
2020-07-10,12633.7099609375,12649.990234375,12416.6904296875,12442.2197265625,72727400
2020-07-13,12799.9697265625,12836.41015625,12688.9404296875,12817.1904296875,72522700
2020-07-14,12697.3603515625,12697.91015625,12535.900390625,12642.23046875,76739200
2020-07-15,12930.98046875,12999.83984375,12773.4404296875,12812.1103515625,78620200
2020-07-16,12874.9697265625,12919.23046875,12805.4697265625,12857.2998046875,68007000
2020-07-17,12919.6103515625,12954.25,12870.26953125,12915.26953125,75182300
2020-07-20,13046.919921875,13063.6904296875,12811.7197265625,12898.1103515625,59658600
2020-07-21,13171.830078125,13313.900390625,13147.2998046875,13194.9296875,92171700
2020-07-22,13104.25,13197.919921875,13067.0595703125,13165.2900390625,68185200
2020-07-23,13103.3896484375,13217.73046875,13072.8203125,13183.5,64544500
2020-07-24,12838.0595703125,12935.5,12812.01953125,12919.3095703125,63775500
2020-07-27,12838.66015625,12908.66015625,12811.4404296875,12865.75,60602800
2020-07-28,12835.2802734375,12936.009765625,12746.4599609375,12886.23046875,58126400
2020-07-29,12822.259765625,12864.3896484375,12789.9697265625,12819.6298828125,70233500
2020-07-30,12379.650390625,12768.7099609375,12253.919921875,12762.1201171875,103737800
2020-07-31,12313.3603515625,12524.75,12313.3603515625,12403.099609375,81406400
2020-08-03,12646.98046875,12698.5595703125,12365.6103515625,12374.4599609375,73270900
2020-08-04,12600.8701171875,12768.580078125,12528.0703125,12744.1298828125,65605800
2020-08-05,12660.25,12757.0302734375,12632.990234375,12667.1201171875,67957000
2020-08-06,12591.6796875,12799.2099609375,12519.849609375,12664.5498046875,67702900
2020-08-07,12674.8798828125,12691.66015625,12517.4404296875,12634.7900390625,57754800
2020-08-10,12687.5302734375,12753.1201171875,12605.8203125,12729.099609375,49572900
2020-08-11,12946.8896484375,13046.1298828125,12802.0595703125,12806.9697265625,77566500
2020-08-12,13058.6298828125,13101.1201171875,12879.1103515625,12917.33984375,62437900
2020-08-13,12993.7099609375,13075.25,12956.2998046875,13044.4697265625,60055500
2020-08-14,12901.33984375,12971.080078125,12797.51953125,12965.2197265625,54988600
2020-08-17,12920.66015625,12960.83984375,12847.849609375,12924.8798828125,44400800
2020-08-18,12881.759765625,13052.83984375,12807.0,12836.8701171875,56723900
2020-08-19,12977.330078125,12980.7001953125,12833.7998046875,12838.6298828125,52633400
2020-08-20,12830.0,12891.1396484375,12755.51953125,12829.3896484375,54738500
2020-08-21,12764.7998046875,12911.26953125,12633.7099609375,12879.4501953125,71999900
2020-08-24,13066.5400390625,13104.3095703125,12924.7001953125,12945.9697265625,64175000
2020-08-25,13061.6201171875,13221.8203125,13060.8701171875,13136.76953125,55974200
2020-08-26,13190.150390625,13192.3203125,13010.5302734375,13041.830078125,46701500
2020-08-27,13096.3603515625,13218.0498046875,13087.3701171875,13206.580078125,53031400
2020-08-28,13033.2001953125,13147.240234375,12951.259765625,13140.599609375,63768900
2020-08-31,12945.3798828125,13148.1904296875,12923.759765625,13103.9296875,59561900
2020-09-01,12974.25,13127.2802734375,12850.2998046875,13037.2001953125,63053900
2020-09-02,13243.4296875,13303.169921875,13062.169921875,13071.66015625,80774100
2020-09-03,13057.76953125,13460.4599609375,13004.830078125,13354.7197265625,81698500
2020-09-04,12842.66015625,13127.080078125,12753.6904296875,12916.1201171875,94282700
2020-09-07,13100.2802734375,13117.6103515625,12920.919921875,12931.400390625,54819100
2020-09-08,12968.330078125,13147.51953125,12856.5498046875,13126.23046875,72302300
2020-09-09,13237.2099609375,13257.5400390625,12973.4599609375,12990.51953125,73655700
2020-09-10,13208.8896484375,13297.7099609375,13161.9296875,13265.509765625,56811700
2020-09-11,13202.83984375,13255.4697265625,13117.4599609375,13198.740234375,57027900
2020-09-14,13193.66015625,13339.1396484375,13159.7197265625,13329.6103515625,49242800
2020-09-15,13217.669921875,13262.8095703125,13138.2001953125,13220.8095703125,60478800
2020-09-16,13255.3701171875,13277.23046875,13181.5595703125,13224.16015625,62417900
2020-09-17,13208.1201171875,13245.8701171875,13035.9404296875,13060.1796875,55914900
2020-09-18,13116.25,13263.4404296875,13116.25,13210.8603515625,185861100
2020-09-21,12542.4404296875,12998.900390625,12505.16015625,12998.900390625,119641700
2020-09-22,12594.3896484375,12698.1201171875,12592.9697265625,12629.7099609375,69459600
2020-09-23,12642.9697265625,12830.7001953125,12642.9697265625,12737.3203125,60244800
2020-09-24,12606.5703125,12684.7998046875,12512.5,12520.4697265625,61272100
2020-09-25,12469.2001953125,12622.76953125,12341.580078125,12615.91015625,66129900
2020-09-28,12870.8701171875,12873.400390625,12660.150390625,12673.73046875,72431000
2020-09-29,12825.8203125,12859.1396484375,12738.2998046875,12817.7900390625,49842200
2020-09-30,12760.73046875,12869.9599609375,12698.419921875,12754.76953125,70303900
2020-10-01,12730.76953125,12836.650390625,12671.23046875,12812.080078125,87114100
2020-10-02,12689.0400390625,12690.25,12539.8603515625,12558.7802734375,67297700
2020-10-05,12828.3095703125,12842.48046875,12727.75,12824.0498046875,56734400
2020-10-06,12906.01953125,12966.08984375,12779.650390625,12858.9697265625,60566500
2020-10-07,12928.5703125,12959.01953125,12837.1103515625,12901.2900390625,65533900
2020-10-08,13042.2099609375,13100.849609375,12956.6396484375,13011.23046875,64013400
2020-10-09,13051.23046875,13096.4404296875,13009.98046875,13070.0400390625,58947700
2020-10-12,13138.41015625,13151.7998046875,13058.33984375,13086.0595703125,48906400
2020-10-13,13018.990234375,13132.900390625,12959.7001953125,13132.900390625,52838000
2020-10-14,13028.0595703125,13066.4404296875,12975.1201171875,13012.6904296875,52929600
2020-10-15,12703.75,12839.5498046875,12599.8203125,12826.1298828125,78930900
2020-10-16,12908.990234375,12955.8603515625,12733.0595703125,12773.349609375,76567800
2020-10-19,12854.66015625,13028.73046875,12820.259765625,12948.6298828125,48577300
2020-10-20,12736.9501953125,12850.2900390625,12725.4501953125,12819.150390625,61466800
2020-10-21,12557.6396484375,12765.0498046875,12545.58984375,12764.4501953125,62615800
2020-10-22,12543.0595703125,12583.01953125,12345.4501953125,12429.41015625,59735400
2020-10-23,12645.75,12718.26953125,12514.990234375,12517.98046875,55669200
2020-10-26,12177.1796875,12404.509765625,12174.2197265625,12303.41015625,81595500
2020-10-27,12063.5703125,12223.599609375,12034.7998046875,12206.419921875,87405600
2020-10-28,11560.509765625,11852.01953125,11457.1201171875,11848.3095703125,137190500
2020-10-29,11598.0703125,11707.4296875,11458.5595703125,11631.0703125,104958400
2020-10-30,11556.48046875,11614.1298828125,11450.080078125,11472.6103515625,85600400
2020-11-02,11788.2802734375,11838.0,11551.3603515625,11602.91015625,78370800
2020-11-03,12088.98046875,12088.98046875,11851.0302734375,11858.8095703125,86771500
2020-11-04,12324.2197265625,12329.9599609375,11848.2099609375,11896.1103515625,105442100
2020-11-05,12568.08984375,12591.2998046875,12398.58984375,12420.8798828125,87078000
2020-11-06,12480.01953125,12595.8701171875,12370.080078125,12531.740234375,80481100
2020-11-09,13095.9697265625,13297.0498046875,12670.580078125,12713.1904296875,189268100
2020-11-10,13163.1103515625,13237.58984375,13018.4296875,13109.76953125,142547600
2020-11-11,13216.1796875,13244.3203125,13138.759765625,13205.9501953125,95527800
2020-11-12,13052.9501953125,13168.08984375,13022.2802734375,13073.48046875,82374800
2020-11-13,13076.7197265625,13145.48046875,13004.8203125,13036.9697265625,79173300
2020-11-16,13138.6103515625,13277.4501953125,13081.1103515625,13170.51953125,85190200
2020-11-17,13133.4697265625,13151.01953125,13050.41015625,13130.5400390625,68587800
2020-11-18,13201.8896484375,13213.6298828125,13074.669921875,13086.4296875,67639800
2020-11-19,13086.16015625,13138.1396484375,13034.509765625,13101.7099609375,68038800
2020-11-20,13137.25,13172.91015625,13054.6396484375,13054.6396484375,70127200
2020-11-23,13126.9697265625,13312.419921875,13126.9697265625,13215.4404296875,68582800
2020-11-24,13292.4404296875,13296.759765625,13192.3203125,13254.419921875,82733000
2020-11-25,13289.7998046875,13346.9599609375,13235.8203125,13346.76953125,76832800
2020-11-26,13286.5703125,13316.1904296875,13274.8896484375,13315.2099609375,42951900
2020-11-27,13335.6796875,13364.169921875,13272.740234375,13280.509765625,63823200
2020-11-30,13291.16015625,13445.1103515625,13256.759765625,13270.509765625,107366400
2020-12-01,13382.2998046875,13434.2998046875,13334.990234375,13371.66015625,66675500
2020-12-02,13313.240234375,13359.26953125,13272.4697265625,13341.91015625,63822100
2020-12-03,13252.8603515625,13307.5400390625,13223.9296875,13304.830078125,64310300
2020-12-04,13298.9599609375,13315.3701171875,13225.080078125,13230.6103515625,64074800
2020-12-07,13271.0,13289.4296875,13163.259765625,13255.7802734375,54320100
2020-12-08,13278.490234375,13297.490234375,13199.4501953125,13248.01953125,54198400
2020-12-09,13340.259765625,13454.1298828125,13327.8701171875,13344.1396484375,77308800
2020-12-10,13295.73046875,13370.4404296875,13213.0595703125,13341.6796875,68806500
2020-12-11,13114.2998046875,13265.6103515625,13009.48046875,13255.240234375,82142300
2020-12-14,13223.16015625,13292.2998046875,13190.5302734375,13224.259765625,63016100
2020-12-15,13362.8701171875,13374.9599609375,13210.150390625,13216.490234375,67265000
2020-12-16,13565.98046875,13596.740234375,13412.41015625,13416.2900390625,77798600
2020-12-17,13667.25,13725.83984375,13649.5302734375,13691.490234375,77206700
2020-12-18,13630.509765625,13774.4501953125,13624.25,13649.66015625,156772100
2020-12-21,13246.2998046875,13399.990234375,13060.33984375,13398.2197265625,98290900
2020-12-22,13418.1103515625,13441.58984375,13310.419921875,13311.01953125,54622400
2020-12-23,13587.23046875,13601.7099609375,13456.6298828125,13456.6298828125,48731200
2020-12-28,13790.2900390625,13818.650390625,13740.2099609375,13779.0498046875,49250200
2020-12-29,13761.3798828125,13903.1103515625,13747.080078125,13873.349609375,43160200
2020-12-30,13718.7802734375,13797.08984375,13717.4697265625,13750.990234375,28318700
2021-01-04,13726.740234375,13907.1298828125,13647.7900390625,13890.2197265625,70206700
2021-01-05,13651.2197265625,13768.1298828125,13566.4697265625,13680.6904296875,68899100
2021-01-06,13891.9697265625,13919.23046875,13617.1103515625,13687.080078125,92498800
2021-01-07,13968.240234375,14007.4697265625,13902.240234375,13946.5302734375,86104200
2021-01-08,14049.5302734375,14131.51953125,14007.7099609375,14106.599609375,79821100
2021-01-11,13936.66015625,14007.650390625,13806.6904296875,13986.419921875,67154800
2021-01-12,13925.0595703125,13999.5703125,13871.4404296875,13985.8896484375,75789600
2021-01-13,13939.7099609375,13978.4296875,13868.830078125,13899.0595703125,70600100
2021-01-14,13988.7001953125,14030.2197265625,13942.8798828125,13973.76953125,75537900
2021-01-15,13787.73046875,13958.16015625,13672.669921875,13904.2998046875,96853800
2021-01-18,13848.349609375,13850.400390625,13701.740234375,13701.98046875,49830600
2021-01-19,13815.0595703125,13940.0498046875,13804.4599609375,13935.9296875,64904200
2021-01-20,13921.3701171875,13952.2001953125,13835.990234375,13848.76953125,65212300
2021-01-21,13906.669921875,14026.349609375,13878.83984375,13997.7802734375,63248900
2021-01-22,13873.9697265625,13897.73046875,13744.259765625,13858.0498046875,74565500
2021-01-25,13643.9501953125,13946.849609375,13599.7802734375,13943.9599609375,77572000
2021-01-26,13870.990234375,13925.73046875,13670.23046875,13687.3896484375,79514500
2021-01-27,13620.4599609375,13851.83984375,13475.0302734375,13827.4697265625,105224500
2021-01-28,13665.9296875,13698.5400390625,13310.9501953125,13500.6396484375,90778400
2021-01-29,13432.8701171875,13593.0302734375,13403.740234375,13474.2001953125,103416500
2021-02-01,13622.01953125,13648.0498046875,13518.4501953125,13559.9404296875,65321300
2021-02-02,13835.16015625,13844.9404296875,13693.9296875,13724.1201171875,78714700
2021-02-03,13933.6298828125,13988.150390625,13866.3896484375,13986.7197265625,82152900
2021-02-04,14060.2900390625,14069.8896484375,13955.7001953125,13971.9404296875,83865200
2021-02-05,14056.7197265625,14114.4404296875,14013.1298828125,14061.6904296875,76254800
2021-02-08,14059.91015625,14169.490234375,14056.5498046875,14156.83984375,61532900
2021-02-09,14011.7998046875,14061.6103515625,13962.1396484375,14055.599609375,58414500
2021-02-10,13932.9697265625,14063.1201171875,13830.1201171875,14063.1201171875,67411900
2021-02-11,14040.91015625,14053.0595703125,13916.6298828125,13958.3896484375,53851500
2021-02-12,14049.8896484375,14050.9599609375,13916.73046875,13976.1298828125,57699700
2021-02-15,14109.48046875,14131.2099609375,14074.25,14109.0703125,49898700
2021-02-16,14064.599609375,14130.740234375,14049.98046875,14105.1298828125,58655000
2021-02-17,13909.26953125,14036.9501953125,13894.0595703125,14028.099609375,81266800
2021-02-18,13886.9296875,13961.0498046875,13853.76953125,13926.83984375,67920700
2021-02-19,13993.23046875,14026.1796875,13892.7197265625,13941.400390625,72974000
2021-02-22,13950.0400390625,13975.080078125,13802.5498046875,13858.5595703125,66035300
2021-02-23,13864.8095703125,13989.240234375,13664.7099609375,13984.98046875,88194700
2021-02-24,13976.0,13998.2998046875,13855.849609375,13855.849609375,68922400
2021-02-25,13879.330078125,14051.009765625,13879.169921875,14045.01953125,95431900
2021-02-26,13786.2900390625,13881.259765625,13673.0703125,13685.7998046875,104069400
2021-03-01,14012.8203125,14022.01953125,13873.830078125,13962.4296875,69566200
2021-03-02,14039.7998046875,14101.7900390625,13961.6201171875,13962.0703125,63307700
2021-03-03,14080.0302734375,14197.490234375,13979.73046875,14130.8603515625,84766900
2021-03-04,14056.33984375,14095.8095703125,13959.26953125,14015.4404296875,84620900
2021-03-05,13920.6904296875,14068.0302734375,13868.2001953125,13958.5400390625,89791900
2021-03-08,14380.91015625,14402.919921875,13977.1298828125,14024.5703125,109071900
2021-03-09,14437.9404296875,14475.650390625,14309.349609375,14345.509765625,107881800
2021-03-10,14540.25,14560.9697265625,14408.51953125,14439.4501953125,95715700
2021-03-11,14569.3896484375,14595.01953125,14515.0703125,14553.5400390625,74066400
2021-03-12,14502.3896484375,14527.419921875,14450.7197265625,14492.4501953125,69100900
2021-03-15,14461.419921875,14572.240234375,14409.349609375,14504.490234375,62766600
2021-03-16,14557.580078125,14601.7900390625,14511.2998046875,14519.7197265625,714300
2021-03-17,14596.6103515625,14601.6298828125,14539.7001953125,14565.2900390625,759600
2021-03-18,14775.51953125,14804.009765625,14669.9501953125,14673.7197265625,104691200
2021-03-19,14621.0,14747.5595703125,14563.2099609375,14697.259765625,207441200
2021-03-22,14657.2099609375,14677.1201171875,14539.26953125,14551.169921875,66130200
2021-03-23,14662.01953125,14707.3701171875,14516.2197265625,14582.0703125,73296400
2021-03-24,14610.3896484375,14619.0400390625,14523.1201171875,14543.580078125,65084000
2021-03-25,14621.3603515625,14621.3603515625,14422.650390625,14550.400390625,80104500
2021-03-26,14748.9404296875,14776.3203125,14693.9404296875,14714.58984375,67169800
2021-03-29,14817.7197265625,14845.419921875,14756.0400390625,14809.7998046875,71106000
2021-03-30,15008.6103515625,15029.7001953125,14890.2802734375,14897.66015625,71173400
2021-03-31,15008.33984375,15026.490234375,14973.58984375,14982.1201171875,76061700
2021-04-01,15107.169921875,15110.919921875,15032.51953125,15053.76953125,67886600
2021-04-06,15212.6796875,15311.8603515625,15209.900390625,15289.9697265625,79478900
2021-04-07,15176.3603515625,15242.73046875,15160.2802734375,15221.23046875,59116700
2021-04-08,15202.6796875,15247.7802734375,15144.1103515625,15236.4404296875,68862100
2021-04-09,15234.16015625,15243.5595703125,15157.2099609375,15198.1396484375,56870100
2021-04-12,15215.0,15275.330078125,15212.240234375,15238.849609375,53646400
2021-04-13,15234.3603515625,15281.650390625,15184.9501953125,15244.6201171875,62443500
2021-04-14,15209.150390625,15255.919921875,15191.509765625,15253.58984375,66666600
2021-04-15,15255.330078125,15271.6904296875,15227.6298828125,15238.6298828125,61834300
2021-04-16,15459.75,15473.830078125,15274.2197265625,15277.849609375,82758000
2021-04-19,15368.3896484375,15501.83984375,15368.1396484375,15496.8701171875,61839400
2021-04-20,15129.509765625,15393.1298828125,15109.5400390625,15361.150390625,76224500
2021-04-21,15195.9697265625,15210.6904296875,15071.7802734375,15179.91015625,67077500
2021-04-22,15320.51953125,15328.330078125,15230.2001953125,15252.0400390625,59628300
2021-04-23,15279.6201171875,15309.08984375,15149.349609375,15267.759765625,57798000
2021-04-26,15296.33984375,15325.8896484375,15237.01953125,15297.9296875,49117600
2021-04-27,15249.26953125,15293.8896484375,15186.759765625,15282.83984375,54513000
2021-04-28,15292.1796875,15355.2802734375,15266.6103515625,15320.400390625,79607600
2021-04-29,15154.2001953125,15329.7197265625,15085.01953125,15326.23046875,80110800
2021-04-30,15135.91015625,15244.259765625,15135.91015625,15204.3896484375,75194700
2021-05-03,15236.4697265625,15268.5595703125,15111.2998046875,15191.7900390625,48822800
2021-05-04,14856.48046875,15260.75,14845.26953125,15259.5,89422100
2021-05-05,15170.7802734375,15170.7802734375,14963.76953125,14969.6298828125,81587200
2021-05-06,15196.740234375,15281.400390625,15092.76953125,15170.76953125,77036200
2021-05-07,15399.650390625,15406.41015625,15290.2001953125,15348.3203125,74562700
2021-05-10,15400.41015625,15419.4296875,15347.9599609375,15417.5302734375,65162200
2021-05-11,15119.75,15255.8896484375,15006.73046875,15253.3203125,80129000
2021-05-12,15150.2197265625,15226.3603515625,15058.1103515625,15144.0400390625,79302600
2021-05-13,15199.6796875,15235.8896484375,14816.349609375,14967.7998046875,64374900
2021-05-14,15416.6396484375,15417.240234375,15214.6796875,15301.740234375,69232200
2021-05-17,15396.6201171875,15482.23046875,15353.66015625,15432.33984375,67787000
2021-05-18,15386.580078125,15538.009765625,15344.099609375,15514.7197265625,65843300
2021-05-19,15113.5595703125,15266.5302734375,14961.26953125,15238.8203125,75858000
2021-05-20,15370.259765625,15370.259765625,15102.349609375,15207.3203125,65602300
2021-05-21,15437.509765625,15467.1904296875,15364.4296875,15411.0302734375,70065600
2021-05-25,15465.08984375,15568.599609375,15465.08984375,15548.2900390625,92981200
2021-05-26,15450.7197265625,15541.8603515625,15407.48046875,15520.4404296875,58668800
2021-05-27,15406.73046875,15490.0595703125,15350.669921875,15419.2001953125,119417800
2021-05-28,15519.98046875,15548.7197265625,15435.740234375,15443.1396484375,56862000
2021-05-31,15421.1298828125,15499.6396484375,15414.3798828125,15496.48046875,36495900
2021-06-01,15567.3603515625,15685.400390625,15512.3603515625,15513.1298828125,56073600
2021-06-02,15602.7099609375,15631.01953125,15554.01953125,15570.76953125,51678400
2021-06-03,15632.669921875,15657.150390625,15477.3203125,15591.5400390625,45339500
2021-06-04,15692.900390625,15705.8896484375,15607.919921875,15651.6904296875,44669100
2021-06-07,15677.150390625,15732.0595703125,15614.1796875,15661.580078125,46954400
2021-06-08,15640.599609375,15727.23046875,15638.3203125,15674.41015625,54921800
2021-06-09,15581.1396484375,15669.1396484375,15505.150390625,15642.740234375,50364800
2021-06-10,15571.2197265625,15637.9404296875,15513.3603515625,15610.080078125,56997400
2021-06-11,15693.26953125,15703.83984375,15548.349609375,15583.2900390625,57088600
2021-06-14,15673.6396484375,15802.669921875,15673.6396484375,15739.8896484375,46556300
2021-06-15,15729.51953125,15792.349609375,15714.9404296875,15744.76953125,45999200
2021-06-16,15710.5703125,15759.66015625,15674.6103515625,15756.830078125,58585900
2021-06-17,15727.669921875,15752.33984375,15649.2197265625,15655.3203125,62355100
2021-06-18,15448.0400390625,15736.9296875,15426.759765625,15720.51953125,126347100
2021-06-21,15603.240234375,15606.5703125,15309.4404296875,15391.5,61783600
2021-06-22,15636.330078125,15652.75,15518.3095703125,15587.5703125,53060800
2021-06-23,15456.3896484375,15675.900390625,15456.3896484375,15674.330078125,50468000
2021-06-24,15589.23046875,15606.8896484375,15476.669921875,15528.5498046875,52474600
2021-06-25,15607.9697265625,15612.66015625,15533.400390625,15584.900390625,46613700
2021-06-28,15554.1796875,15668.080078125,15542.169921875,15570.7998046875,43947600
2021-06-29,15690.58984375,15752.9296875,15555.490234375,15565.830078125,50284300
2021-06-30,15531.0400390625,15709.33984375,15461.2001953125,15700.0595703125,63950700
2021-07-01,15603.8095703125,15708.7802734375,15488.490234375,15624.2802734375,49570300
2021-07-02,15650.08984375,15705.5302734375,15616.4296875,15644.83984375,43114700
2021-07-05,15661.9697265625,15673.8798828125,15535.2900390625,15628.419921875,29752900
2021-07-06,15511.3798828125,15647.8798828125,15466.66015625,15615.0703125,53759400
2021-07-07,15692.7099609375,15700.9501953125,15604.580078125,15606.9404296875,59732200
2021-07-08,15420.6396484375,15591.650390625,15304.41015625,15584.7197265625,78813200
2021-07-09,15687.9296875,15687.9296875,15479.4404296875,15497.9296875,60460900
2021-07-12,15790.509765625,15806.900390625,15631.83984375,15675.419921875,47460900
2021-07-13,15789.6396484375,15806.5703125,15747.5703125,15769.509765625,50047700
2021-07-14,15788.98046875,15810.6796875,15717.830078125,15733.1904296875,41145400
2021-07-15,15629.66015625,15737.3603515625,15592.009765625,15737.3603515625,62684900
2021-07-16,15540.3095703125,15699.9296875,15476.990234375,15682.75,60314700
2021-07-19,15133.2001953125,15423.83984375,15048.5595703125,15420.1396484375,85990500
2021-07-20,15216.26953125,15300.2900390625,15091.900390625,15234.849609375,60029200
2021-07-21,15422.5,15443.759765625,15194.5400390625,15239.919921875,65073800
2021-07-22,15514.5400390625,15578.75,15471.4697265625,15533.2197265625,50331400
2021-07-23,15669.2900390625,15681.41015625,15583.650390625,15603.6904296875,54897600
2021-07-26,15618.98046875,15641.6103515625,15544.9404296875,15586.66015625,38643700
2021-07-27,15519.1298828125,15586.900390625,15423.5595703125,15537.8896484375,44081200
2021-07-28,15570.3603515625,15577.1298828125,15497.099609375,15538.75,56569500
2021-07-29,15640.4697265625,15659.2197265625,15563.650390625,15608.8203125,51559500
2021-07-30,15544.3896484375,15613.66015625,15440.8896484375,15493.740234375,61343800
2021-08-02,15568.73046875,15702.8896484375,15511.25,15631.7001953125,53799800
2021-08-03,15555.080078125,15608.0703125,15492.580078125,15537.6904296875,50024700
2021-08-04,15692.1298828125,15712.26953125,15600.7998046875,15653.650390625,54854200
2021-08-05,15744.669921875,15751.8798828125,15672.26953125,15691.740234375,61559300
2021-08-06,15761.4501953125,15808.240234375,15737.099609375,15770.849609375,52191600
2021-08-09,15745.41015625,15798.509765625,15699.26953125,15773.509765625,41278000
2021-08-10,15770.7099609375,15802.150390625,15733.650390625,15734.1396484375,37936600
2021-08-11,15826.08984375,15887.16015625,15724.990234375,15792.1201171875,46983300
2021-08-12,15937.509765625,15964.3798828125,15823.5302734375,15829.26953125,53018500
2021-08-13,15977.4404296875,16030.330078125,15940.8203125,15948.150390625,39905200
2021-08-16,15925.73046875,15961.1796875,15851.2802734375,15875.7001953125,44305900
2021-08-17,15921.9501953125,15937.4697265625,15811.5703125,15872.1201171875,46077200
2021-08-18,15965.9697265625,15969.849609375,15872.990234375,15935.2099609375,45355100
2021-08-19,15765.8095703125,15804.849609375,15621.98046875,15737.1796875,64752400
2021-08-20,15808.0400390625,15808.0400390625,15656.2802734375,15734.6796875,49982700
2021-08-23,15852.7900390625,15930.7197265625,15799.58984375,15930.7197265625,39880400
2021-08-24,15905.849609375,15918.7197265625,15856.0498046875,15897.8603515625,42750500
2021-08-25,15860.66015625,15932.6201171875,15853.3203125,15912.849609375,35537700
2021-08-26,15793.6201171875,15834.91015625,15701.849609375,15773.7099609375,39681200
2021-08-27,15851.75,15859.76953125,15752.08984375,15778.919921875,32126500
2021-08-30,15887.3095703125,15896.73046875,15847.66015625,15856.7099609375,27220800
2021-08-31,15835.08984375,16006.759765625,15761.5703125,15929.259765625,75099900
2021-09-01,15824.2900390625,15981.7001953125,15773.4404296875,15958.41015625,53324100
2021-09-02,15840.58984375,15874.669921875,15810.76953125,15813.5703125,37299100
2021-09-03,15781.2001953125,15868.6904296875,15690.01953125,15841.4501953125,40901200
2021-09-06,15932.1201171875,15959.740234375,15814.6298828125,15818.4404296875,31915300
2021-09-07,15843.08984375,15927.76953125,15826.8603515625,15896.5595703125,45060200
2021-09-08,15610.2802734375,15755.2998046875,15590.41015625,15714.6103515625,62575800
2021-09-09,15623.150390625,15693.2197265625,15453.9599609375,15499.4501953125,54613000
2021-09-10,15609.8095703125,15702.599609375,15574.9404296875,15648.8896484375,55580900
2021-09-13,15701.419921875,15787.66015625,15674.16015625,15681.169921875,50515500
2021-09-14,15722.990234375,15763.580078125,15663.419921875,15697.7197265625,51343400
2021-09-15,15616.0,15740.009765625,15613.7197265625,15731.48046875,58969400
2021-09-16,15651.75,15745.1904296875,15638.23046875,15666.6298828125,54362800
2021-09-17,15490.169921875,15791.900390625,15455.5400390625,15774.5703125,158392800
2021-09-20,15132.0595703125,15262.759765625,15019.490234375,15259.5,96690100
2021-09-21,15348.5302734375,15394.330078125,15205.7001953125,15265.0302734375,61546200
2021-09-22,15506.740234375,15508.419921875,15378.9296875,15463.240234375,54135200
2021-09-23,15643.9697265625,15695.650390625,15593.7197265625,15630.009765625,54651300
2021-09-24,15531.75,15573.4599609375,15497.169921875,15562.1396484375,49967000
2021-09-27,15573.8798828125,15704.0498046875,15552.08984375,15699.009765625,59034800
2021-09-28,15248.5595703125,15542.41015625,15232.9697265625,15542.0302734375,75174800
2021-09-29,15365.26953125,15422.75,15301.349609375,15357.0,56303700
2021-09-30,15260.6904296875,15448.51953125,15246.0,15434.330078125,74664500
2021-10-01,15156.4404296875,15262.75,14983.7998046875,15041.599609375,66029600
2021-10-04,15036.5498046875,15175.25,15016.9296875,15061.8603515625,52650700
2021-10-05,15194.490234375,15202.2001953125,15011.4404296875,15055.400390625,60532800
2021-10-06,14973.330078125,15049.490234375,14818.7099609375,15040.099609375,96189400
2021-10-07,15250.8603515625,15253.2900390625,15116.4697265625,15162.75,76332700
2021-10-08,15206.1298828125,15267.919921875,15184.759765625,15242.759765625,59531300
2021-10-11,15199.1396484375,15202.740234375,15094.4404296875,15115.4599609375,75309100
2021-10-12,15146.8701171875,15174.2900390625,15012.0703125,15025.349609375,60955500
2021-10-13,15249.3798828125,15302.4296875,15109.6103515625,15130.7998046875,69662700
2021-10-14,15462.7197265625,15464.3798828125,15303.3896484375,15350.7197265625,60002700
2021-10-15,15587.3603515625,15598.580078125,15465.9296875,15481.2197265625,73666300
2021-10-18,15474.4697265625,15542.169921875,15416.01953125,15518.58984375,49463100
2021-10-19,15515.830078125,15527.9697265625,15457.4296875,15510.990234375,49579400
2021-10-20,15522.919921875,15567.0703125,15465.0302734375,15473.5595703125,54739200
2021-10-21,15472.5595703125,15532.9404296875,15406.58984375,15408.7998046875,54649400
2021-10-22,15542.98046875,15614.759765625,15492.2900390625,15507.990234375,49948500
2021-10-25,15599.23046875,15618.8798828125,15531.9501953125,15580.580078125,51296300
2021-10-26,15757.0595703125,15781.0,15650.349609375,15652.91015625,56055900
2021-10-27,15705.8095703125,15744.7900390625,15671.58984375,15725.400390625,73429300
2021-10-28,15696.330078125,15706.3896484375,15629.330078125,15681.51953125,78877800
2021-10-29,15688.76953125,15689.66015625,15495.509765625,15579.900390625,80569400
2021-11-01,15806.2900390625,15849.400390625,15760.349609375,15764.5498046875,49160900
2021-11-02,15954.4501953125,15960.2099609375,15824.1103515625,15825.26953125,60596100
2021-11-03,15959.98046875,15972.7099609375,15922.099609375,15957.150390625,74344600
2021-11-04,16029.650390625,16064.7900390625,15997.6298828125,16035.900390625,76262400
2021-11-05,16054.3603515625,16084.900390625,16008.400390625,16011.5703125,75298200
2021-11-08,16046.51953125,16068.73046875,16016.2001953125,16040.849609375,48903600
2021-11-09,16040.4697265625,16104.1298828125,16022.6396484375,16026.740234375,61428000
2021-11-10,16067.830078125,16076.5595703125,15985.900390625,16053.0,62124400
2021-11-11,16083.1103515625,16114.5498046875,16032.5,16067.33984375,56626200
2021-11-12,16094.0703125,16122.759765625,16065.0595703125,16100.080078125,60302900
2021-11-15,16148.6396484375,16149.8701171875,16072.2900390625,16109.41015625,53296600
2021-11-16,16247.8603515625,16266.259765625,16157.580078125,16174.3095703125,56783300
2021-11-17,16251.1298828125,16283.51953125,16240.509765625,16248.3203125,54131500
2021-11-18,16221.73046875,16290.1904296875,16193.33984375,16262.2900390625,57887500
2021-11-19,16159.9697265625,16282.8701171875,16092.6298828125,16269.2197265625,105496400
2021-11-22,16115.6904296875,16202.76953125,16090.5400390625,16188.5400390625,65473700
2021-11-23,15937.0,16054.3798828125,15866.009765625,15987.2001953125,91000000
2021-11-24,15878.3896484375,15974.2998046875,15740.599609375,15942.2802734375,87886600
2021-11-25,15917.98046875,15962.5400390625,15865.41015625,15928.3798828125,57275800
2021-11-26,15257.0400390625,15540.2900390625,15244.4599609375,15383.900390625,133308100
2021-11-29,15280.8603515625,15441.91015625,15237.8701171875,15418.2802734375,95660000
2021-11-30,15100.1298828125,15280.0400390625,15015.419921875,15117.6298828125,152644300
2021-12-01,15472.669921875,15509.4599609375,15187.08984375,15233.3701171875,86134400
2021-12-02,15263.1103515625,15373.51953125,15172.900390625,15300.73046875,93605500
2021-12-03,15169.98046875,15422.900390625,15101.7099609375,15422.900390625,80653400
2021-12-06,15380.7900390625,15415.4599609375,15150.5400390625,15323.2001953125,74842900
2021-12-07,15813.9404296875,15827.9404296875,15544.7900390625,15546.7001953125,86195400
2021-12-08,15687.08984375,15834.0400390625,15683.669921875,15781.0498046875,72088200
2021-12-09,15639.259765625,15721.48046875,15613.400390625,15705.9296875,60664300
2021-12-10,15623.3095703125,15689.5,15550.4501953125,15572.6904296875,58755300
2021-12-13,15621.7197265625,15794.3095703125,15591.6201171875,15653.5703125,56995000
2021-12-14,15453.5595703125,15697.98046875,15448.4501953125,15680.349609375,62436700
2021-12-15,15476.349609375,15531.0400390625,15451.740234375,15503.6396484375,54560500
2021-12-16,15636.400390625,15780.9296875,15621.5703125,15708.9404296875,87304300
2021-12-17,15531.6904296875,15609.509765625,15419.5498046875,15599.75,140842600
2021-12-20,15239.669921875,15296.080078125,15060.099609375,15152.5595703125,69118800
2021-12-21,15447.4404296875,15452.419921875,15305.6103515625,15379.080078125,53329700
2021-12-22,15593.4697265625,15593.4697265625,15425.16015625,15474.83984375,42996600
2021-12-23,15756.3095703125,15768.4501953125,15622.599609375,15660.7802734375,43253900
2021-12-27,15835.25,15854.6201171875,15697.4404296875,15705.5302734375,28899600
2021-12-28,15963.7001953125,15974.7900390625,15832.9599609375,15839.1904296875,34021000
2021-12-29,15852.25,15955.0302734375,15803.58984375,15952.4697265625,34973900
2021-12-30,15884.8603515625,15890.740234375,15834.5703125,15837.5595703125,32456600
2022-01-03,16020.73046875,16069.3798828125,15943.16015625,15947.4404296875,56865800
2022-01-04,16152.6103515625,16202.580078125,16036.51953125,16069.7998046875,75187400
2022-01-05,16271.75,16285.349609375,16161.7197265625,16177.4404296875,68244500
2022-01-06,16052.0302734375,16156.5595703125,15988.6298828125,16076.16015625,75756700
2022-01-07,15947.740234375,16044.2802734375,15862.7099609375,15999.01953125,74469300
2022-01-10,15768.26953125,16015.33984375,15724.23046875,16006.4404296875,82834300
2022-01-11,15941.8095703125,15979.990234375,15880.3896484375,15918.8203125,74622100
2022-01-12,16010.3203125,16061.5,15955.5400390625,16054.9296875,69357000
2022-01-13,16031.58984375,16090.2900390625,15941.7802734375,15959.830078125,72976100
2022-01-14,15883.240234375,15970.7001953125,15833.73046875,15929.3701171875,80457700
2022-01-17,15933.7197265625,15962.7001953125,15894.76953125,15948.900390625,46576400
2022-01-18,15772.5595703125,15843.580078125,15669.349609375,15839.150390625,70557600
2022-01-19,15809.7197265625,15898.0498046875,15629.8603515625,15639.4501953125,74923900
2022-01-20,15912.330078125,15912.330078125,15737.330078125,15837.240234375,62979800
2022-01-21,15603.8798828125,15728.2900390625,15456.8701171875,15694.8203125,105899500
2022-01-24,15011.1298828125,15587.3896484375,14952.669921875,15499.6103515625,115815500
2022-01-25,15123.8701171875,15205.75,14979.1103515625,15139.0703125,86066500
2022-01-26,15459.3896484375,15524.9599609375,15272.8701171875,15273.0595703125,82970700
2022-01-27,15524.26953125,15582.4501953125,15197.5302734375,15229.98046875,105993600
2022-01-28,15318.9501953125,15416.58984375,15122.650390625,15411.8603515625,91381200
2022-01-31,15471.2001953125,15566.3798828125,15338.1904296875,15506.7900390625,88305600
2022-02-01,15619.3896484375,15687.9599609375,15537.0498046875,15620.5595703125,74929400
2022-02-02,15613.76953125,15736.51953125,15604.990234375,15689.16015625,66319500
2022-02-03,15368.4697265625,15602.5,15367.16015625,15565.9404296875,104951100
2022-02-04,15099.5595703125,15423.9404296875,15060.48046875,15410.73046875,93799100
2022-02-07,15206.6396484375,15256.080078125,15076.8896484375,15220.080078125,71120600
2022-02-08,15242.3798828125,15338.0,15158.7998046875,15221.7001953125,80957900
2022-02-09,15482.009765625,15513.9404296875,15351.48046875,15356.9501953125,85342900
2022-02-10,15490.4404296875,15614.4697265625,15413.3701171875,15597.0595703125,94694700
2022-02-11,15425.1201171875,15511.33984375,15308.6904296875,15353.8603515625,100055100
2022-02-14,15113.9697265625,15150.5400390625,14844.099609375,15065.73046875,119705200
2022-02-15,15412.7099609375,15418.41015625,15068.330078125,15077.3203125,83214500
2022-02-16,15396.0703125,15542.83984375,15374.0,15431.26953125,31633100
2022-02-17,15267.6298828125,15440.080078125,15206.400390625,15404.1396484375,78678300
2022-02-18,15042.509765625,15317.3896484375,14989.0498046875,15278.66015625,87529800
2022-02-21,14731.1201171875,15192.4697265625,14617.66015625,15186.6298828125,78145800
2022-02-22,14693.0,14782.16015625,14357.8603515625,14365.0595703125,115316300
2022-02-23,14631.3603515625,14901.08984375,14586.349609375,14754.2197265625,89094500
2022-02-24,14052.099609375,14221.7099609375,13807.2802734375,13989.41015625,219860100
2022-02-25,14567.23046875,14567.6201171875,14027.9296875,14230.08984375,160377100
2022-02-28,14461.01953125,14510.76953125,14106.8896484375,14263.73046875,160848700
2022-03-01,13904.849609375,14448.6103515625,13904.849609375,14404.2197265625,145245900
2022-03-02,14000.1103515625,14114.7900390625,13707.8603515625,13836.9296875,158825300
2022-03-03,13698.400390625,14057.150390625,13669.099609375,13990.25,118913500
2022-03-04,13094.5400390625,13562.599609375,13094.5400390625,13485.98046875,178566000
2022-03-07,12834.650390625,13150.349609375,12438.849609375,12614.080078125,192412700
2022-03-08,12831.509765625,13106.7802734375,12672.0,12673.8896484375,172923800
2022-03-09,13847.9296875,13847.9296875,13199.6796875,13215.0595703125,177828900
2022-03-10,13442.099609375,13829.9697265625,13341.7900390625,13819.4404296875,148856700
2022-03-11,13628.1103515625,13943.9697265625,13407.9697265625,13479.6904296875,130836100
2022-03-14,13929.1103515625,14082.0595703125,13815.7998046875,13827.2197265625,118949300
2022-03-15,13917.26953125,13974.83984375,13577.8095703125,13768.4404296875,101279000
2022-03-16,14440.740234375,14553.099609375,14183.259765625,14245.76953125,138610100
2022-03-17,14388.0595703125,14509.23046875,14243.9404296875,14500.0498046875,96870400
2022-03-18,14413.08984375,14413.08984375,14109.7900390625,14374.41015625,181197700
2022-03-21,14326.9697265625,14457.2998046875,14306.259765625,14385.8203125,69806300
2022-03-22,14473.2001953125,14508.009765625,14343.33984375,14365.669921875,79554100
2022-03-23,14283.650390625,14539.3095703125,14226.4296875,14532.83984375,76384100
2022-03-24,14273.7900390625,14375.8203125,14187.8203125,14305.7998046875,77315500
2022-03-25,14305.759765625,14428.0302734375,14247.3798828125,14332.259765625,73042400
2022-03-28,14417.3701171875,14627.580078125,14371.900390625,14376.0,70588000
2022-03-29,14820.330078125,14925.25,14553.7099609375,14592.740234375,99659400
2022-03-30,14606.0498046875,14744.7197265625,14555.8701171875,14712.3203125,76506500
2022-03-31,14414.75,14732.0,14404.0302734375,14674.830078125,88194400
2022-04-01,14446.48046875,14506.01953125,14403.08984375,14447.7802734375,72477600
2022-04-04,14518.16015625,14535.0703125,14334.099609375,14503.9599609375,69362800
2022-04-05,14424.3603515625,14603.4404296875,14347.330078125,14504.7998046875,79130600
2022-04-06,14151.6904296875,14437.91015625,14027.1796875,14402.16015625,104304600
2022-04-07,14078.150390625,14315.349609375,14069.5302734375,14187.1298828125,84791200
2022-04-08,14283.669921875,14321.8203125,14178.2802734375,14275.8701171875,74244800
2022-04-11,14192.7802734375,14298.01953125,14094.830078125,14162.9697265625,69814800
2022-04-12,14124.9501953125,14180.08984375,13887.1103515625,13956.5595703125,104676200
2022-04-13,14076.4404296875,14100.0302734375,13961.9501953125,14062.7001953125,80458200
2022-04-14,14163.849609375,14198.7802734375,14038.2998046875,14098.48046875,87530500
2022-04-19,14153.4599609375,14199.08984375,13991.7001953125,14057.4296875,70608100
2022-04-20,14362.0302734375,14362.0302734375,14149.6796875,14154.48046875,75486900
2022-04-21,14502.41015625,14598.1103515625,14374.58984375,14376.0498046875,78397500
2022-04-22,14142.08984375,14372.4697265625,14142.08984375,14320.509765625,82415500
2022-04-25,13924.169921875,14037.6298828125,13863.3896484375,13908.0498046875,85275400
2022-04-26,13756.400390625,14112.83984375,13749.6796875,14087.080078125,98346100
2022-04-27,13793.9404296875,13849.4296875,13566.2001953125,13760.2197265625,134621900
2022-04-28,13979.83984375,14074.7099609375,13822.16015625,13907.0595703125,97665400
2022-04-29,14097.8798828125,14187.01953125,14038.5498046875,14095.9296875,102033100
2022-05-02,13939.0703125,14036.1103515625,13778.1298828125,13996.8203125,85974500
2022-05-03,14039.4697265625,14081.150390625,13920.4599609375,13958.919921875,86472700
2022-05-04,13970.8203125,14073.2099609375,13970.6201171875,14020.900390625,71631100
2022-05-05,13902.51953125,14315.240234375,13857.580078125,14282.76953125,86031700
2022-05-06,13674.2900390625,13851.4501953125,13592.150390625,13832.650390625,96547800
2022-05-09,13380.669921875,13697.900390625,13380.669921875,13624.919921875,82759800
2022-05-10,13534.740234375,13719.9501953125,13514.490234375,13550.01953125,84927900
2022-05-11,13828.6396484375,13829.099609375,13508.5595703125,13587.2900390625,107719800
2022-05-12,13739.6396484375,13808.08984375,13479.3603515625,13512.1298828125,110587600
2022-05-13,14027.9296875,14034.150390625,13795.6396484375,13837.419921875,90805300
2022-05-16,13964.3798828125,14043.099609375,13864.9501953125,13986.169921875,67914800
2022-05-17,14185.9404296875,14203.08984375,14056.98046875,14072.669921875,71183700
2022-05-18,14007.759765625,14226.4697265625,13999.5400390625,14197.1796875,69356900
2022-05-19,13882.2998046875,13882.2998046875,13683.58984375,13822.349609375,82304500
2022-05-20,13981.91015625,14161.3203125,13944.16015625,13968.259765625,83084600
2022-05-23,14175.400390625,14217.48046875,14026.1396484375,14179.83984375,60577400
2022-05-24,13919.75,14105.0595703125,13917.080078125,14043.2197265625,70956400
2022-05-25,14007.9296875,14053.58984375,13871.48046875,14022.26953125,64007200
2022-05-26,14231.2900390625,14253.6103515625,14025.4404296875,14025.4404296875,57436000
2022-05-27,14462.1904296875,14463.5,14246.830078125,14289.5302734375,71341500
2022-05-30,14575.98046875,14589.4501953125,14509.580078125,14572.7998046875,54721200
2022-05-31,14388.349609375,14547.08984375,14359.3896484375,14513.33984375,146716000
2022-06-01,14340.4697265625,14489.0,14329.509765625,14478.3701171875,68008900
2022-06-02,14485.169921875,14492.7802734375,14393.0400390625,14394.3603515625,50049600
2022-06-03,14460.08984375,14589.91015625,14443.1103515625,14585.1796875,46395500
2022-06-06,14653.8095703125,14709.3798828125,14548.259765625,14576.8701171875,38135700
2022-06-07,14556.6201171875,14590.6904296875,14458.33984375,14569.2998046875,51840700
2022-06-08,14445.990234375,14602.0595703125,14378.5,14595.7802734375,61851500
2022-06-09,14198.7998046875,14420.73046875,14186.9296875,14364.58984375,64865200
2022-06-10,13761.830078125,14121.0703125,13749.76953125,14110.0302734375,89335800
2022-06-13,13427.0302734375,13648.83984375,13379.8701171875,13564.4697265625,91214200
2022-06-14,13304.3896484375,13569.9296875,13294.0,13557.4404296875,78302700
2022-06-15,13485.2900390625,13566.7998046875,13358.400390625,13480.5,80763200
2022-06-16,13038.490234375,13443.3203125,13007.91015625,13440.4296875,104048800
2022-06-17,13126.259765625,13237.7001953125,13020.419921875,13092.849609375,190391800
2022-06-20,13265.599609375,13265.599609375,13106.3798828125,13207.7900390625,54602700
2022-06-21,13292.400390625,13443.76953125,13273.2001953125,13335.150390625,64763900
2022-06-22,13144.2802734375,13206.1103515625,12965.6904296875,13062.259765625,76135600
2022-06-23,12912.58984375,13120.3095703125,12912.58984375,13082.6201171875,99254200
2022-06-24,13118.1298828125,13160.7099609375,12904.8603515625,12949.8701171875,95705800
2022-06-27,13186.0703125,13378.419921875,13126.8603515625,13217.900390625,69024800
2022-06-28,13231.8203125,13358.6201171875,13221.0400390625,13264.6201171875,61092900
2022-06-29,13003.349609375,13132.3603515625,12946.759765625,13089.990234375,70350700
2022-06-30,12783.76953125,12811.4296875,12618.6796875,12795.2197265625,114222900
2022-07-01,12813.0302734375,12894.3798828125,12623.23046875,12627.66015625,80285900
2022-07-04,12773.3798828125,12919.7001953125,12741.6298828125,12904.08984375,52500200
2022-07-05,12401.2001953125,12870.240234375,12390.9501953125,12851.2900390625,90489700
2022-07-06,12594.51953125,12668.6796875,12509.2197265625,12587.5498046875,78681400
2022-07-07,12843.2197265625,12867.7099609375,12693.650390625,12757.6298828125,79392500
2022-07-08,13015.23046875,13019.1298828125,12766.7998046875,12814.099609375,75193100
2022-07-11,12832.4404296875,12934.8701171875,12774.23046875,12783.08984375,55461200
2022-07-12,12905.48046875,12905.48046875,12655.0595703125,12751.2998046875,65198400
2022-07-13,12756.3203125,12851.900390625,12625.2197265625,12800.8701171875,63030200
2022-07-14,12519.66015625,12788.009765625,12434.2900390625,12759.2900390625,72613000
2022-07-15,12864.7197265625,12875.669921875,12532.9404296875,12562.150390625,77498400
2022-07-18,12959.8095703125,13062.23046875,12913.6904296875,12935.0498046875,61274100
2022-07-19,13308.41015625,13351.2001953125,12827.8896484375,12884.830078125,73418300
2022-07-20,13281.98046875,13399.400390625,13129.1298828125,13356.669921875,75183800
2022-07-21,13246.6396484375,13318.6396484375,13097.75,13261.8203125,87886300
2022-07-22,13253.6796875,13367.0400390625,13171.1396484375,13179.5595703125,76076400
2022-07-25,13210.3203125,13337.0595703125,13151.8603515625,13183.240234375,56561100
2022-07-26,13096.9296875,13197.9501953125,13042.41015625,13181.919921875,58207700
2022-07-27,13166.3798828125,13204.580078125,13089.9599609375,13158.6396484375,79894900
2022-07-28,13282.1103515625,13289.3896484375,13091.259765625,13214.41015625,74308800
2022-07-29,13484.0498046875,13515.0302734375,13340.58984375,13353.2802734375,82631600
2022-08-01,13479.6298828125,13570.2197265625,13464.900390625,13471.2001953125,57227900
2022-08-02,13449.2001953125,13484.5498046875,13335.3896484375,13419.1904296875,56681200
2022-08-03,13587.5595703125,13595.0703125,13388.33984375,13398.7001953125,63636000
2022-08-04,13662.6796875,13792.8798828125,13628.5703125,13629.7001953125,64719800
2022-08-05,13573.9296875,13693.33984375,13562.6201171875,13642.91015625,62482000
2022-08-08,13687.6904296875,13745.58984375,13604.5498046875,13703.3798828125,51639200
2022-08-09,13534.9697265625,13745.58984375,13514.7099609375,13703.3798828125,51015000
2022-08-10,13700.9296875,13715.5595703125,13455.7001953125,13482.6298828125,56490500
2022-08-11,13694.509765625,13763.259765625,13661.169921875,13747.0703125,54583800
2022-08-12,13795.849609375,13813.0498046875,13705.01953125,13709.830078125,58498800
2022-08-15,13816.6103515625,13857.98046875,13736.0,13847.8798828125,37843500
2022-08-16,13910.1201171875,13947.849609375,13824.9697265625,13849.6201171875,50947100
2022-08-17,13626.7099609375,13930.5703125,13610.4404296875,13928.1201171875,57254300
2022-08-18,13697.41015625,13775.66015625,13638.16015625,13653.8203125,47668000
2022-08-19,13544.51953125,13660.33984375,13525.6904296875,13591.240234375,65997300
2022-08-22,13230.5703125,13510.2900390625,13189.26953125,13471.4404296875,68371700
2022-08-23,13194.23046875,13298.259765625,13156.4404296875,13163.51953125,53963000
2022-08-24,13220.0595703125,13238.6103515625,13085.2001953125,13131.1201171875,46809500
2022-08-25,13271.9599609375,13364.5498046875,13210.990234375,13328.490234375,41621200
2022-08-26,12971.4697265625,13375.01953125,12939.9599609375,13335.099609375,67305400
2022-08-29,12892.990234375,12942.4599609375,12758.4404296875,12838.419921875,54303000
2022-08-30,12961.1396484375,13154.150390625,12885.080078125,12919.4296875,62479300
2022-08-31,12834.9599609375,13020.5400390625,12814.8095703125,13018.48046875,82999700
2022-09-01,12630.23046875,12743.0498046875,12603.580078125,12713.75,61602700
2022-09-02,13050.26953125,13051.5703125,12736.009765625,12768.4404296875,67336800
2022-09-05,12760.7802734375,12827.580078125,12617.400390625,12827.580078125,62869400
2022-09-06,12871.4404296875,12927.7900390625,12760.0400390625,12807.26953125,53636500
2022-09-07,12915.9697265625,12953.990234375,12736.08984375,12770.7197265625,67128300
2022-09-08,12904.3203125,13008.8203125,12688.8701171875,12985.6103515625,71242600
2022-09-09,13088.2099609375,13121.1298828125,12925.5703125,12926.150390625,67719300
2022-09-12,13402.26953125,13441.5400390625,13165.7802734375,13171.919921875,67046400
2022-09-13,13188.9501953125,13564.830078125,13183.1904296875,13450.3896484375,68434200
2022-09-14,13028.0,13192.8203125,12952.08984375,13131.33984375,62448700
2022-09-15,12956.66015625,13111.3798828125,12927.2001953125,13040.3603515625,67761600
2022-09-16,12741.259765625,12815.330078125,12699.2197265625,12814.919921875,148557300
2022-09-19,12803.240234375,12866.7001953125,12606.6396484375,12685.2900390625,49575200
2022-09-20,12670.830078125,12936.5703125,12638.2197265625,12849.7802734375,62735600
2022-09-21,12767.150390625,12771.7802734375,12520.8095703125,12555.3095703125,55268200
2022-09-22,12531.6298828125,12781.5595703125,12526.6103515625,12531.66015625,66525600
2022-09-23,12284.1904296875,12521.25,12180.759765625,12506.6396484375,86711600
2022-09-26,12227.919921875,12368.490234375,12184.0,12231.83984375,67273900
2022-09-27,12139.6796875,12414.08984375,12139.6796875,12332.849609375,78962200
2022-09-28,12183.2802734375,12198.3701171875,11862.83984375,12025.4296875,96220900
2022-09-29,11975.5498046875,12147.3095703125,11866.98046875,12143.2099609375,87998400
2022-09-30,12114.3603515625,12137.76953125,11973.91015625,12063.08984375,89235000
2022-10-03,12209.48046875,12227.8701171875,11893.9404296875,11951.83984375,63674200
2022-10-04,12670.48046875,12673.349609375,12358.98046875,12360.7197265625,80240300
2022-10-05,12517.1796875,12661.8798828125,12455.3603515625,12611.0703125,62392400
2022-10-06,12470.7802734375,12643.2197265625,12421.8896484375,12593.41015625,53529600
2022-10-07,12273.0,12497.51953125,12272.58984375,12414.7802734375,56973200
2022-10-10,12272.9404296875,12410.830078125,12174.6298828125,12175.51953125,68341800
2022-10-11,12220.25,12258.150390625,12097.6796875,12168.66015625,64611700
2022-10-12,12172.259765625,12298.6201171875,12104.6201171875,12207.9697265625,67186400
2022-10-13,12355.580078125,12379.240234375,12000.4296875,12114.23046875,88446300
2022-10-14,12437.8095703125,12676.419921875,12395.990234375,12549.01953125,82478300
2022-10-17,12649.0302734375,12716.8095703125,12398.0498046875,12467.5400390625,57195500
2022-10-18,12765.6103515625,12931.759765625,12746.3603515625,12788.5302734375,65991900
2022-10-19,12741.41015625,12819.1103515625,12705.259765625,12817.6298828125,63632000
2022-10-20,12767.41015625,12818.33984375,12628.7802734375,12685.16015625,52824400
2022-10-21,12730.900390625,12775.51953125,12548.150390625,12641.1201171875,82221400
2022-10-24,12931.4501953125,13020.4501953125,12747.3798828125,12868.76953125,62919300
2022-10-25,13052.9599609375,13053.240234375,12789.259765625,12965.1904296875,69239900
2022-10-26,13195.8095703125,13203.240234375,13023.400390625,13054.490234375,65691700
2022-10-27,13211.23046875,13259.490234375,13062.0400390625,13152.990234375,72246300
2022-10-28,13243.330078125,13250.66015625,13051.25,13072.919921875,64191000
2022-10-31,13253.740234375,13307.08984375,13216.48046875,13254.3095703125,59049500
2022-11-01,13338.740234375,13444.0703125,13287.0703125,13344.849609375,51443700
2022-11-02,13256.740234375,13398.6396484375,13255.0703125,13369.330078125,54426400
2022-11-03,13130.1904296875,13194.3203125,13022.6396484375,13130.9697265625,52294100
2022-11-04,13459.849609375,13542.349609375,13193.509765625,13201.240234375,76643400
2022-11-07,13533.51953125,13611.2998046875,13391.0,13398.7900390625,56990600
2022-11-08,13688.75,13689.6103515625,13487.91015625,13506.650390625,60728100
2022-11-09,13666.3203125,13691.1201171875,13557.080078125,13653.98046875,64013300
2022-11-10,14146.08984375,14157.25,13599.349609375,13603.7900390625,114862700
2022-11-11,14224.8603515625,14263.5302734375,14172.4697265625,14179.3896484375,103682300
2022-11-14,14313.2998046875,14431.1796875,14243.349609375,14295.8095703125,72405100
2022-11-15,14378.509765625,14440.7802734375,14266.419921875,14372.419921875,77960600
2022-11-16,14234.0302734375,14382.6201171875,14195.3095703125,14374.8603515625,76202800
2022-11-17,14266.3798828125,14384.5400390625,14149.7001953125,14348.4599609375,58048700
2022-11-18,14431.8603515625,14457.759765625,14300.2099609375,14320.6103515625,93252600
2022-11-21,14379.9296875,14425.9501953125,14321.83984375,14395.5302734375,48082900
2022-11-22,14422.349609375,14485.490234375,14343.7998046875,14352.5400390625,50364700
2022-11-23,14427.58984375,14446.330078125,14363.509765625,14438.2001953125,51115900
2022-11-24,14539.5595703125,14570.7099609375,14447.5498046875,14456.150390625,50503400
2022-11-25,14541.3798828125,14571.66015625,14498.0498046875,14547.580078125,46218800
2022-11-28,14383.3603515625,14514.73046875,14374.150390625,14471.099609375,53336900
2022-11-29,14355.4501953125,14429.8701171875,14327.0400390625,14404.669921875,51089400
2022-11-30,14397.0400390625,14487.7001953125,14363.3203125,14429.2197265625,97644000
2022-12-01,14490.2998046875,14563.7001953125,14423.7900390625,14543.7998046875,61595900
2022-12-02,14529.3896484375,14584.58984375,14372.419921875,14465.7001953125,55190800
2022-12-05,14447.6103515625,14507.16015625,14394.3701171875,14487.4296875,50074900
2022-12-06,14343.1904296875,14471.5,14305.259765625,14406.8701171875,50930900
2022-12-07,14261.1904296875,14372.349609375,14218.1796875,14304.9501953125,52784800
2022-12-08,14264.5595703125,14298.8095703125,14196.76953125,14277.75,47362200
2022-12-09,14370.7197265625,14385.5703125,14217.9599609375,14325.7998046875,52573000
2022-12-12,14306.6298828125,14366.3896484375,14262.599609375,14300.4296875,46459100
2022-12-13,14497.8896484375,14675.83984375,14302.490234375,14345.8798828125,68062200
2022-12-14,14460.2001953125,14470.740234375,14375.9501953125,14453.5400390625,59754000
2022-12-15,13986.23046875,14363.1201171875,13982.58984375,14351.3095703125,87474200
2022-12-16,13893.0703125,14011.259765625,13815.240234375,13978.4404296875,168807500
2022-12-19,13942.8701171875,14001.3701171875,13927.0498046875,13934.75,48853600
2022-12-20,13884.66015625,13931.2900390625,13791.51953125,13829.900390625,56020300
2022-12-21,14097.8203125,14099.75,13912.169921875,13944.6904296875,44585400
2022-12-22,13914.0703125,14160.8701171875,13890.5400390625,14113.009765625,42893400
2022-12-23,13940.9296875,14000.6796875,13874.5,13945.58984375,28738700
2022-12-27,13995.099609375,14063.1396484375,13966.349609375,14047.419921875,22975000
2022-12-28,13925.599609375,14018.4697265625,13914.6201171875,14013.7197265625,27583800
2022-12-29,14071.7197265625,14071.7197265625,13871.3203125,13890.8095703125,30727400
2022-12-30,13923.58984375,14008.9697265625,13922.5498046875,14005.83984375,24346600
2023-01-02,14069.259765625,14095.91015625,13976.4404296875,13992.7099609375,34978500
2023-01-03,14181.669921875,14293.8701171875,14083.759765625,14116.0703125,57907500
2023-01-04,14490.7802734375,14492.7802734375,14264.599609375,14266.98046875,76221600
2023-01-05,14436.3095703125,14501.599609375,14403.73046875,14451.23046875,60947500
2023-01-06,14610.01953125,14610.23046875,14388.98046875,14476.7197265625,55433700
2023-01-09,14792.830078125,14832.8896484375,14628.6103515625,14650.73046875,64976500
2023-01-10,14774.599609375,14790.8203125,14692.740234375,14741.9697265625,57438600
2023-01-11,14947.91015625,14965.4697265625,14794.990234375,14805.400390625,66367800
2023-01-12,15058.2998046875,15095.0302734375,14934.509765625,14972.2802734375,65971500
2023-01-13,15086.51953125,15132.3701171875,15041.16015625,15063.2099609375,66451100
2023-01-16,15134.0400390625,15153.1904296875,15083.9404296875,15112.0498046875,42102700
2023-01-17,15187.0703125,15269.7099609375,15083.9501953125,15130.0302734375,57914400
2023-01-18,15181.7998046875,15250.3603515625,15156.8896484375,15182.9501953125,58258000
2023-01-19,14920.3603515625,15134.0703125,14906.26953125,15115.5498046875,64167400
2023-01-20,15033.5595703125,15034.4296875,14940.6796875,14986.51953125,64031100
2023-01-23,15102.9501953125,15145.900390625,15022.830078125,15077.400390625,39903900
2023-01-24,15093.1103515625,15147.4501953125,15022.5498046875,15140.5,48335400
2023-01-25,15081.6396484375,15114.41015625,14969.650390625,15095.7197265625,53589900
2023-01-26,15132.849609375,15151.5400390625,15068.7197265625,15146.2900390625,62001200
2023-01-27,15150.0302734375,15186.490234375,15077.6201171875,15115.75,55135800
2023-01-30,15126.080078125,15161.0703125,14988.98046875,15070.2998046875,54664400
2023-01-31,15128.26953125,15136.2197265625,14993.58984375,15081.169921875,57047200
2023-02-01,15180.740234375,15222.33984375,15107.830078125,15125.1201171875,57095200
2023-02-02,15509.1904296875,15520.9697265625,15264.3095703125,15275.0,122979300
2023-02-03,15476.4296875,15476.669921875,15347.8603515625,15408.400390625,76253700
2023-02-06,15345.91015625,15406.9296875,15275.5703125,15367.0400390625,54430400
2023-02-07,15320.8798828125,15363.41015625,15273.599609375,15359.58984375,56184100
2023-02-08,15412.0498046875,15486.1298828125,15371.9296875,15450.669921875,61344800
2023-02-09,15523.419921875,15658.5595703125,15519.6298828125,15560.150390625,66247500
2023-02-10,15307.98046875,15487.98046875,15246.3896484375,15438.9404296875,65755600
2023-02-13,15397.33984375,15409.26953125,15305.9404296875,15322.0595703125,38580400
2023-02-14,15380.5595703125,15526.2802734375,15366.3701171875,15419.0,56427200
2023-02-15,15506.33984375,15520.3896484375,15388.849609375,15394.4404296875,49065600
2023-02-16,15533.6396484375,15634.0400390625,15417.169921875,15612.4296875,66113500
2023-02-17,15482.0,15514.7197265625,15300.419921875,15372.0595703125,70462400
2023-02-20,15477.5498046875,15532.4404296875,15436.7900390625,15524.16015625,33610800
2023-02-21,15397.6201171875,15470.51953125,15286.7099609375,15450.6201171875,47050500
2023-02-22,15399.8896484375,15408.580078125,15247.5,15342.599609375,54879700
2023-02-23,15475.6904296875,15552.76953125,15433.9697265625,15453.2900390625,51347600
2023-02-24,15209.740234375,15530.4599609375,15162.48046875,15501.8203125,141484400
2023-02-27,15381.4296875,15481.0595703125,15351.6298828125,15351.6298828125,58764200
2023-02-28,15365.1396484375,15443.169921875,15289.4296875,15299.7900390625,93757000
2023-03-01,15305.01953125,15478.83984375,15254.1103515625,15399.91015625,72243100
2023-03-02,15327.6396484375,15329.2900390625,15150.669921875,15171.0703125,62593100
2023-03-03,15578.3896484375,15590.4404296875,15409.990234375,15430.66015625,67122500
2023-03-06,15653.580078125,15677.9296875,15587.7802734375,15597.900390625,69392600
2023-03-07,15559.5302734375,15706.3701171875,15544.0703125,15638.4404296875,68603300
2023-03-08,15631.8701171875,15667.2099609375,15524.849609375,15528.8095703125,64604200
2023-03-09,15633.2099609375,15667.0498046875,15535.1298828125,15619.75,59687500
2023-03-10,15427.9697265625,15495.8701171875,15316.3798828125,15369.669921875,114116400
2023-03-13,14959.4697265625,15435.8095703125,14887.4404296875,15435.16015625,157697900
2023-03-14,15232.830078125,15272.1103515625,14951.7099609375,15016.5302734375,101464500
2023-03-15,14735.259765625,15246.169921875,14702.91015625,15175.4404296875,157452200
2023-03-16,14967.099609375,15018.3095703125,14664.169921875,14973.83984375,141054600
2023-03-17,14768.2001953125,15153.1103515625,14694.259765625,15073.759765625,217024000
2023-03-20,14933.3798828125,14980.4296875,14458.3896484375,14715.400390625,125262600
2023-03-21,15195.33984375,15253.099609375,15055.9296875,15062.0595703125,94322300
2023-03-22,15216.1904296875,15298.490234375,15166.9501953125,15174.669921875,82685900
2023-03-23,15210.3896484375,15244.3203125,15078.7197265625,15178.25,82739800
2023-03-24,14957.23046875,15135.650390625,14809.8203125,15135.5,181078000
2023-03-27,15127.6796875,15185.349609375,15020.0703125,15133.6796875,90911900
2023-03-28,15142.01953125,15261.490234375,15103.759765625,15255.9296875,73013800
2023-03-29,15328.7802734375,15342.26953125,15186.75,15242.51953125,81824600
2023-03-30,15522.400390625,15536.419921875,15424.6904296875,15429.3798828125,77412500
2023-03-31,15628.83984375,15659.0595703125,15499.83984375,15568.3701171875,86968700
2023-04-03,15580.919921875,15659.349609375,15553.900390625,15623.4501953125,70893100
2023-04-04,15603.4697265625,15736.5595703125,15601.400390625,15639.01953125,64484200
2023-04-05,15520.169921875,15627.2900390625,15482.8798828125,15611.6796875,78217100
2023-04-06,15597.8896484375,15601.490234375,15509.08984375,15530.2001953125,62790900
2023-04-11,15655.169921875,15726.01953125,15625.7900390625,15710.4501953125,63070200
2023-04-12,15703.599609375,15827.2802734375,15668.2001953125,15689.1396484375,65206700
2023-04-13,15729.4599609375,15754.990234375,15675.150390625,15708.2099609375,53361500
2023-04-14,15807.5,15841.4697265625,15760.3203125,15789.7802734375,78563300
2023-04-17,15789.5302734375,15903.25,15764.3798828125,15838.8896484375,60200000
2023-04-18,15882.669921875,15916.2802734375,15802.75,15841.5,63384400
2023-04-19,15895.2001953125,15908.4697265625,15829.5498046875,15850.51953125,55122300
2023-04-20,15795.9697265625,15883.3095703125,15734.25,15864.150390625,74754500
2023-04-21,15881.66015625,15899.6201171875,15706.830078125,15782.580078125,77403200
2023-04-24,15863.9501953125,15919.1103515625,15831.099609375,15852.26953125,50552200
2023-04-25,15872.1298828125,15891.73046875,15794.8095703125,15836.7900390625,66489300
2023-04-26,15795.73046875,15826.01953125,15694.3603515625,15804.5,74374600
2023-04-27,15800.4501953125,15859.25,15706.6904296875,15739.349609375,79622200
2023-04-28,15922.3798828125,15922.3798828125,15688.169921875,15884.7900390625,91511200
2023-05-02,15726.9404296875,16011.5595703125,15707.5498046875,15950.3603515625,80224800
2023-05-03,15815.0595703125,15868.8798828125,15745.98046875,15774.01953125,61988400
2023-05-04,15734.240234375,15796.7099609375,15662.3203125,15781.4599609375,81687600
2023-05-05,15961.01953125,15961.5400390625,15755.9697265625,15837.4404296875,69955200
2023-05-08,15952.830078125,15996.16015625,15933.6904296875,15967.5703125,40927300
2023-05-09,15955.48046875,15962.6201171875,15879.5595703125,15950.8896484375,60426400
2023-05-10,15896.23046875,15984.8203125,15848.6904296875,15973.3798828125,67473800
2023-05-11,15834.91015625,15970.5400390625,15754.759765625,15943.849609375,67890500
2023-05-12,15913.8203125,15938.009765625,15852.099609375,15918.25,62915400
2023-05-15,15917.240234375,15982.099609375,15874.240234375,15966.9599609375,53099400
2023-05-16,15897.9296875,15968.41015625,15862.3701171875,15892.7802734375,63874300
2023-05-17,15951.2998046875,15992.76953125,15862.150390625,15883.6103515625,89827900
2023-05-18,16163.3603515625,16230.4404296875,16069.419921875,16069.419921875,73640100
2023-05-19,16275.3798828125,16331.9404296875,16203.599609375,16233.1103515625,90102600
2023-05-22,16223.990234375,16267.9296875,16196.3603515625,16235.98046875,54200300
2023-05-23,16152.8603515625,16224.3203125,16143.98046875,16186.4404296875,56755000
2023-05-24,15842.1298828125,16013.2900390625,15802.8603515625,16008.51953125,65922900
2023-05-25,15793.7998046875,15872.599609375,15726.5,15872.4599609375,66145400
2023-05-26,15983.9697265625,16008.58984375,15726.740234375,15850.08984375,57308100
2023-05-29,15952.73046875,16079.73046875,15925.2197265625,16064.1298828125,24247000
2023-05-30,15908.91015625,16058.4296875,15889.4599609375,15962.3095703125,54563500
2023-05-31,15664.01953125,15871.7001953125,15629.1201171875,15757.4296875,172555100
2023-06-01,15853.66015625,15863.41015625,15734.8603515625,15744.009765625,55198400
2023-06-02,16051.23046875,16071.3203125,15922.6103515625,15949.0400390625,96604000
2023-06-05,15963.8896484375,16114.83984375,15928.4404296875,16079.8603515625,63777600
2023-06-06,15992.4404296875,16009.2802734375,15925.5595703125,15939.3095703125,52413000
2023-06-07,15960.5595703125,16020.2802734375,15909.849609375,15998.099609375,67870200
2023-06-08,15989.9599609375,16019.0,15913.9501953125,15951.6103515625,59532100
2023-06-09,15949.83984375,15998.900390625,15924.509765625,15993.01953125,58242200
2023-06-12,16097.8701171875,16126.2998046875,16021.5498046875,16052.91015625,61393600
2023-06-13,16230.6796875,16232.7001953125,16088.4697265625,16218.2001953125,72345000
2023-06-14,16310.7900390625,16336.26953125,16217.4501953125,16219.08984375,75755600
2023-06-15,16290.1201171875,16301.73046875,16165.66015625,16275.73046875,80150500
2023-06-16,16357.6298828125,16427.419921875,16276.7900390625,16306.6298828125,211233000
2023-06-19,16201.2001953125,16302.2900390625,16189.5703125,16272.2099609375,52459700
2023-06-20,16111.3203125,16184.2998046875,16069.099609375,16100.2900390625,68396400
2023-06-21,16023.1298828125,16145.2900390625,16002.26953125,16082.75,62212100
2023-06-22,15988.16015625,15988.2099609375,15810.48046875,15867.650390625,65000700
2023-06-23,15829.9404296875,15917.1396484375,15733.1201171875,15862.7900390625,108856500
2023-06-26,15813.0595703125,15874.900390625,15713.7001953125,15874.150390625,72427600
2023-06-27,15846.8603515625,15895.7001953125,15758.1298828125,15873.73046875,63273400
2023-06-28,15949.0,15994.3095703125,15906.8798828125,15922.7099609375,69914300
2023-06-29,15946.7197265625,15998.669921875,15920.0400390625,15960.4697265625,54568800
2023-06-30,16147.900390625,16176.5498046875,15978.900390625,15989.4296875,85583300
2023-07-03,16081.0400390625,16209.2900390625,16070.490234375,16187.91015625,52047600
2023-07-04,16039.169921875,16103.9501953125,16023.7197265625,16082.9296875,42493900
2023-07-05,15937.580078125,15982.9599609375,15901.3896484375,15930.16015625,66456400
2023-07-06,15528.5400390625,15846.25,15495.83984375,15816.1103515625,80363000
2023-07-07,15603.400390625,15661.41015625,15456.16015625,15515.0,67259700
2023-07-10,15673.16015625,15722.0302734375,15545.330078125,15585.33984375,53384600
2023-07-11,15790.33984375,15807.66015625,15659.099609375,15716.259765625,60828200
2023-07-12,16023.0,16044.2802734375,15806.2802734375,15842.259765625,72341400
2023-07-13,16141.0302734375,16185.1103515625,16000.3798828125,16009.259765625,64992600
2023-07-14,16105.0703125,16149.1201171875,16071.740234375,16123.1298828125,61718900
2023-07-17,16068.650390625,16102.509765625,15995.4501953125,16013.51953125,45553500
2023-07-18,16125.490234375,16140.2001953125,16031.0703125,16042.0302734375,56765300
2023-07-19,16108.9296875,16240.7900390625,16075.169921875,16190.0,62950200
2023-07-20,16204.2197265625,16211.4296875,16050.98046875,16059.2197265625,66295300
2023-07-21,16177.2197265625,16181.33984375,16103.48046875,16125.2099609375,69913700
2023-07-24,16190.9501953125,16208.759765625,16121.26953125,16126.7099609375,51532000
2023-07-25,16211.58984375,16225.8896484375,16135.599609375,16169.75,56468900
2023-07-26,16131.4599609375,16212.91015625,16000.0400390625,16183.7001953125,76242600
2023-07-27,16406.029296875,16408.80078125,16131.6396484375,16162.16015625,96512200
2023-07-28,16469.75,16490.130859375,16336.419921875,16356.3798828125,70297300
2023-07-31,16446.830078125,16528.970703125,16427.470703125,16434.66015625,60748100
2023-08-01,16240.400390625,16430.66015625,16240.400390625,16414.7890625,63456600
2023-08-02,16020.01953125,16140.759765625,15955.3095703125,16027.650390625,74404800
2023-08-03,15893.3798828125,15920.3203125,15807.849609375,15879.0302734375,82642000
2023-08-04,15951.8603515625,15973.9599609375,15784.51953125,15917.009765625,77046600
2023-08-07,15950.759765625,15962.6103515625,15824.7802734375,15877.5400390625,68246900
2023-08-08,15774.9296875,15946.5703125,15706.3095703125,15868.3095703125,80939300
2023-08-09,15852.580078125,15983.7802734375,15831.080078125,15918.0595703125,65516200
2023-08-10,15996.51953125,16060.26953125,15880.41015625,15921.419921875,74907500
2023-08-11,15832.169921875,15962.4501953125,15803.080078125,15927.7900390625,60296700
2023-08-14,15904.25,15937.7802734375,15817.58984375,15818.2099609375,43608500
2023-08-15,15767.2802734375,15923.1298828125,15703.0302734375,15909.5703125,45352200
2023-08-16,15789.4501953125,15814.66015625,15725.099609375,15737.01953125,39651700
2023-08-17,15676.900390625,15793.5302734375,15664.2998046875,15712.9404296875,48603400
2023-08-18,15574.259765625,15612.8798828125,15468.650390625,15597.1201171875,59909500
2023-08-21,15603.2802734375,15710.2099609375,15571.8203125,15573.9501953125,45251100
2023-08-22,15705.6201171875,15799.33984375,15677.4404296875,15684.6396484375,42807400
2023-08-23,15728.41015625,15820.9501953125,15672.4296875,15761.25,53425400
2023-08-24,15621.490234375,15896.740234375,15618.6904296875,15876.2197265625,48251600
2023-08-25,15631.8203125,15739.7802734375,15578.9697265625,15582.9501953125,44315200
2023-08-28,15792.6103515625,15804.9501953125,15673.8896484375,15756.4697265625,43473300
2023-08-29,15930.8798828125,15942.1201171875,15805.419921875,15844.759765625,49760000
2023-08-30,15891.9296875,15960.400390625,15823.330078125,15956.919921875,49478600
2023-08-31,15947.080078125,16042.66015625,15914.4296875,15937.3896484375,92766900
2023-09-01,15840.33984375,15984.58984375,15840.25,15936.33984375,54045200
2023-09-04,15824.849609375,15958.740234375,15795.9697265625,15904.6298828125,34752500
2023-09-05,15771.7099609375,15838.4404296875,15691.490234375,15729.7802734375,73334000
2023-09-06,15741.3701171875,15781.8896484375,15676.509765625,15712.58984375,63047100
2023-09-07,15718.66015625,15794.7197265625,15661.3798828125,15661.66015625,59410800
2023-09-08,15740.2998046875,15783.3798828125,15577.0400390625,15777.5595703125,63810400
2023-09-11,15800.990234375,15867.5703125,15771.0703125,15799.419921875,65431300
2023-09-12,15715.5302734375,15808.3798828125,15686.33984375,15804.080078125,58026400
2023-09-13,15654.0302734375,15726.599609375,15564.6396484375,15648.919921875,68861200
2023-09-14,15805.2900390625,15824.0595703125,15588.1201171875,15652.41015625,77633300
2023-09-15,15893.5302734375,15989.2998046875,15871.169921875,15940.3896484375,179829200
2023-09-18,15727.1201171875,15870.6201171875,15693.8701171875,15858.8095703125,58899600
2023-09-19,15664.48046875,15743.900390625,15630.9404296875,15688.0703125,53581800
2023-09-20,15781.58984375,15810.3603515625,15699.33984375,15703.08984375,54733100
2023-09-21,15571.8603515625,15696.66015625,15548.6904296875,15650.98046875,65995100
2023-09-22,15557.2900390625,15592.26953125,15471.75,15473.7998046875,70200200
2023-09-25,15405.490234375,15572.1396484375,15329.400390625,15513.3203125,64522900
2023-09-26,15255.8701171875,15360.4296875,15229.349609375,15330.91015625,69660000
2023-09-27,15217.4501953125,15299.6796875,15194.6796875,15225.580078125,72319500
2023-09-28,15323.5,15323.73046875,15138.66015625,15229.099609375,60119100
2023-09-29,15386.580078125,15515.990234375,15382.5595703125,15394.8203125,110121500
2023-10-02,15247.2099609375,15476.3798828125,15192.009765625,15439.9599609375,61416800
2023-10-03,15085.2099609375,15257.8603515625,15074.849609375,15184.490234375,64881000
2023-10-04,15099.919921875,15174.6298828125,14948.080078125,14979.8095703125,75006400
2023-10-05,15070.2197265625,15157.7001953125,15048.419921875,15113.9404296875,47650800
2023-10-06,15229.76953125,15230.8896484375,15033.5498046875,15109.16015625,65528500
2023-10-09,15128.1103515625,15201.0595703125,15077.66015625,15143.2900390625,52471000
2023-10-10,15423.51953125,15443.4501953125,15272.5703125,15272.5703125,62641300
2023-10-11,15460.009765625,15486.1103515625,15361.740234375,15366.7802734375,65776100
2023-10-12,15425.0302734375,15575.2802734375,15413.2001953125,15537.8701171875,52453700
2023-10-13,15186.66015625,15409.8896484375,15178.0703125,15400.08984375,63240100
2023-10-16,15237.990234375,15271.509765625,15103.1201171875,15219.419921875,55502000
2023-10-17,15251.6904296875,15288.3203125,15117.240234375,15211.2900390625,49443000
2023-10-18,15094.91015625,15271.150390625,15081.6904296875,15244.0498046875,62492400
2023-10-19,15045.23046875,15104.3701171875,14984.58984375,15060.650390625,69923300
2023-10-20,14798.4697265625,14936.490234375,14798.4697265625,14872.01953125,90638400
2023-10-23,14800.7197265625,14838.009765625,14630.2099609375,14823.0302734375,61261000
2023-10-24,14879.9404296875,14916.599609375,14750.3203125,14802.51953125,62022100
2023-10-25,14892.1796875,14933.6904296875,14789.6298828125,14870.6298828125,88086100
2023-10-26,14731.0498046875,14795.41015625,14655.080078125,14696.2197265625,121803600
2023-10-27,14687.41015625,14824.2900390625,14667.3701171875,14757.1103515625,86539200
2023-10-30,14716.5400390625,14798.0,14678.73046875,14770.9501953125,76179000
2023-10-31,14810.33984375,14829.6201171875,14722.3798828125,14741.4404296875,75370200
2023-11-01,14923.26953125,14949.580078125,14786.3203125,14851.9599609375,63588700
2023-11-02,15143.599609375,15202.4296875,15028.0302734375,15033.650390625,89446500
2023-11-03,15189.25,15269.5,15149.7197265625,15203.7998046875,93603800
2023-11-06,15135.9697265625,15223.41015625,15110.83984375,15219.3203125,59212500
2023-11-07,15152.6396484375,15194.5302734375,15068.25,15084.7900390625,62049600
2023-11-08,15229.599609375,15287.73046875,15086.41015625,15093.48046875,107586700
2023-11-09,15352.5400390625,15364.490234375,15212.990234375,15246.5,68377100
2023-11-10,15234.3896484375,15309.51953125,15171.580078125,15296.580078125,77014100
2023-11-13,15345.0,15346.7900390625,15252.26953125,15285.1201171875,65170400
2023-11-14,15614.4296875,15632.4404296875,15337.599609375,15358.58984375,98894400
2023-11-15,15748.169921875,15759.83984375,15628.1904296875,15631.669921875,91670700
2023-11-16,15786.6103515625,15862.08984375,15783.509765625,15806.91015625,68438900
2023-11-17,15919.16015625,15952.4501953125,15826.669921875,15828.7802734375,81125800
2023-11-20,15901.330078125,15929.9296875,15854.8203125,15915.240234375,93605500
2023-11-21,15900.5302734375,15948.0703125,15891.3095703125,15911.01953125,70926900
2023-11-22,15957.8203125,15998.41015625,15931.740234375,15965.1298828125,58757800
2023-11-23,15994.73046875,16005.4501953125,15958.0595703125,15976.6201171875,38717400
2023-11-24,16029.490234375,16041.169921875,15972.669921875,15988.1904296875,46227600
2023-11-27,15966.3701171875,16039.419921875,15957.9599609375,16007.259765625,50564800
2023-11-28,15992.669921875,15993.419921875,15915.400390625,15939.1904296875,60601100
2023-11-29,16166.4501953125,16208.9697265625,16010.48046875,16013.16015625,69366600
2023-11-30,16215.4296875,16262.9599609375,16169.1103515625,16204.740234375,108532100
2023-12-01,16397.51953125,16399.060546875,16279.4501953125,16296.919921875,68139400
2023-12-04,16404.759765625,16455.6796875,16386.80078125,16390.169921875,52149300
2023-12-05,16533.109375,16551.33984375,16394.01953125,16405.140625,63916000
2023-12-06,16656.439453125,16727.0703125,16536.119140625,16565.650390625,78581700
2023-12-07,16628.990234375,16655.30078125,16595.109375,16623.890625,76803200
2023-12-08,16759.220703125,16782.720703125,16630.1796875,16644.619140625,77814500
2023-12-11,16794.4296875,16817.810546875,16734.26953125,16760.58984375,66736100
2023-12-12,16791.740234375,16837.1796875,16753.810546875,16823.009765625,67862500
2023-12-13,16766.05078125,16836.44921875,16760.119140625,16811.560546875,65413500
2023-12-14,16752.23046875,17003.279296875,16670.349609375,16948.7890625,141290100
2023-12-15,16751.439453125,16890.109375,16713.69921875,16822.5,173711500
2023-12-18,16650.55078125,16744.26953125,16624.650390625,16683.689453125,56720400
2023-12-19,16744.41015625,16750.509765625,16656.640625,16657.439453125,59217500
2023-12-20,16733.05078125,16789.9609375,16694.560546875,16779.41015625,63366400
2023-12-21,16687.419921875,16708.349609375,16624.16015625,16667.310546875,57871300
2023-12-22,16706.1796875,16735.3203125,16651.779296875,16673.30078125,46295300
2023-12-27,16742.0703125,16775.7109375,16697.580078125,16727.76953125,37678900
2023-12-28,16701.55078125,16783.7890625,16688.51953125,16780.94921875,36091600
2023-12-29,16751.640625,16758.529296875,16726.970703125,16729.259765625,26861900
